t,U,U_cap,cap_scale,gamma,gamma_raw,p_anchor,p_risk,lam_bar,CLP,sum_CC,coverage,n_hacks,claims,paid,forfeited,shortfall,mean_h,mean_p,exp_hacks,insured_frac,fp_iters,fp_conv,seed
0,19.288668461178982,21.01395432187773,1.0,0.5368342433980152,1.0,0.004489890170429445,0.0023031064879315724,0.004612855028815809,404.39090508779964,3143.581310991056,4822.167115294746,1,13.475478888926508,13.475478888926508,14.13554801196071,0.0,1.0,0.0011465171212388635,0.5732585606194317,1.0,13,True,1000
1,12.891418661467156,21.7261134321297,1.0,0.4337077503018171,0.7686676934628329,0.003992010656008516,0.002075005695429955,0.004155401990995804,548.0162564080929,3690.79780640624,5213.172460376454,0,0.0,0.0,0.0,0.0,1.066,0.0010326850994713376,0.5163425497356688,1.0,6,True,1000
2,9.79819028889115,21.7261134321297,1.0,0.38352489169345694,0.6441132852600282,0.003992010656008516,0.002065343498467132,0.004136027472181387,712.5384398866945,3909.7018725276475,5369.567561692258,1,2.475375195887956,2.475375195887956,32.1046867671732,0.0,1.1,0.0010278587743421139,0.513929387171057,1.0,7,True,1000
3,7.760389217333302,21.7261134321297,1.0,0.3543469995790147,0.5628701918102671,0.003992010656008516,0.0020684908384464244,0.004142338453944001,842.4401581938736,4173.758611646356,5529.575625832197,0,0.0,0.0,0.0,0.0,1.1293333333333335,0.0010294938607494119,0.514746930374706,1.0,7,True,1000
4,6.668821533666464,21.01395432187773,1.0,0.33450881200582006,0.5043770286363194,0.004489890170429445,0.002133715924802116,0.004273132064492561,977.9521887244562,4274.403329121122,5618.083067788687,1,15.714061050898174,15.714061050898174,25.974700167903908,0.0,1.1493333333333335,0.0010619908283075333,0.5309954141537666,1.0,3,True,1000
5,5.872655810768134,21.01395432187773,1.0,0.32737388530529254,0.47467574315861427,0.004489890170429445,0.0021612888428644617,0.004328426297745237,1104.2691715481585,4452.942340328911,5743.176603766093,0,0.0,0.0,0.0,0.0,1.1753333333333336,0.0010758164290762611,0.5379082145381305,1.0,7,True,1000
6,5.285630517668156,21.01395432187773,1.0,0.32477547952185093,0.4546084323024262,0.004489890170429445,0.0022053814396275633,0.004416852766687768,1234.7018780474766,4560.3192074345625,5836.758832855078,1,24.82047583938004,24.82047583938004,25.568368251995917,0.0,1.202,0.0010977272181010242,0.5488636090505121,1.0,3,True,1000
7,4.804877606969022,21.01395432187773,1.0,0.32394317340214,0.43870011809867326,0.004489890170429445,0.002248542482649285,0.00450341576197511,1440.9580562734068,4667.703293112738,5932.591405112917,1,14.194718386365032,14.194718386365032,87.48559458999054,0.0,1.2273333333333332,0.0011192420472770455,0.5596210236385227,1.0,4,True,1000
0,19.74195306647257,20.34943101853157,1.0,0.5350635074279828,1.0,0.00498752080731768,0.002613976075441882,0.005236510318610797,405.56027751719336,3314.959958918491,4935.488266618142,0,0.0,0.0,0.0,0.0,1.03,0.0013007586764153917,0.6503793382076959,1.0,14,True,1001
1,13.28721429691505,21.01395432187773,1.0,0.4373586099909067,0.7822140942975535,0.004489890170429445,0.002303740998517068,0.004614127713514896,570.2085363324184,3978.7270048551745,5388.766317687287,1,3.7371338802131886,3.7371338802131886,14.426673185816039,0.0,1.11,0.0011458909778295995,0.5729454889147998,1.0,7,True,1001
2,9.78752093201364,21.01395432187773,1.0,0.3789577056494569,0.6402985932108332,0.004489890170429445,0.0022784786157483364,0.004563457870197466,709.9602438641152,4277.810187532408,5580.927984966405,0,0.0,0.0,0.0,0.0,1.1453333333333333,0.0011333587879283002,0.5666793939641501,1.0,7,True,1001
3,8.013519232092978,21.01395432187773,1.0,0.3567900850642661,0.5754515495206904,0.004489890170429445,0.0023588731683185206,0.0047247142381302894,843.9877168295476,4429.888693596493,5689.280068226508,0,0.0,0.0,0.0,0.0,1.1646666666666665,0.0011733541077329978,0.5866770538664989,1.0,6,True,1001
4,6.872577319677852,20.34943101853157,1.0,0.3350560104549474,0.5153637534299889,0.00498752080731768,0.0024107248320126566,0.0048287275513904555,972.1027225284754,4609.951965817557,5800.370840769442,0,0.0,0.0,0.0,0.0,1.1893333333333334,0.0011991704766831813,0.5995852383415906,1.0,6,True,1001
5,6.063146414172076,20.34943101853157,1.0,0.32875473509753483,0.48676196244926845,0.00498752080731768,0.002464978378522287,0.004937566225133093,1100.434342865321,4721.114914215508,5894.001136305438,0,0.0,0.0,0.0,0.0,1.2126666666666666,0.0012262474553178446,0.6131237276589223,1.0,5,True,1001
6,5.471174461242728,20.34943101853157,1.0,0.3237625834457971,0.46461485724831525,0.00498752080731768,0.0024870931354405218,0.0049819330204495475,1232.374949621302,4915.816709420602,6020.6682729591685,0,0.0,0.0,0.0,0.0,1.2413333333333332,0.0012373592163303652,0.6186796081651826,1.0,7,True,1001
7,4.964326036090178,20.34943101853157,1.0,0.32160401536640454,0.44655444535119915,0.00498752080731768,0.0025191550373924072,0.005046258038284295,1396.2392270118667,5034.355185147691,6117.911048630351,1,46.58531558270783,46.58531558270783,74.42358120509193,0.0,1.2706666666666666,0.0012533134848239649,0.6266567424119824,1.0,5,True,1001
0,19.175732669866235,21.01395432187773,1.0,0.5369797712236641,1.0,0.004489890170429445,0.002335474949076544,0.004677780130463942,400.6616628040675,3130.226428226515,4793.933167466559,0,0.0,0.0,0.0,0.0,0.9893333333333333,0.0011630653135789872,0.5815326567894936,1.0,13,True,1002
1,13.073442323004286,21.7261134321297,1.0,0.43305458872014596,0.7698954699856743,0.003992010656008516,0.0020044515894273034,0.004013933158686587,555.7956733467381,3763.627121026995,5238.027139707968,2,4.014989910878212,4.014989910878212,9.451409160957938,0.0,1.072,0.000998041639889452,0.499020819944726,1.0,7,True,1002
2,9.778325192143795,21.7261134321297,1.0,0.37852950715748057,0.6373461033577938,0.003992010656008516,0.0019958225103131172,0.003996631753072181,694.1862396888587,4086.9422644651586,5434.750834370932,0,0.0,0.0,0.0,0.0,1.0986666666666665,0.0009939400233131858,0.49697001165659294,1.0,7,True,1002
3,7.9856910889779416,21.7261134321297,1.0,0.3552645738214205,0.5694629923436674,0.003992010656008516,0.002040231436113738,0.004085674169558372,826.709912002094,4226.811558944173,5543.556868374424,0,0.0,0.0,0.0,0.0,1.1253333333333335,0.0010159643645637655,0.5079821822818827,1.0,5,True,1002
4,6.823946489469419,21.7261134321297,1.0,0.3436206050171887,0.5272991486738147,0.003992010656008516,0.002090609619869122,0.004186691284018069,957.6985087686811,4342.098748894268,5641.424201816262,0,0.0,0.0,0.0,0.0,1.15,0.0010410257123639988,0.5205128561819994,1.0,4,True,1002
5,5.986882139637745,21.01395432187773,1.0,0.32766391780679316,0.47812397170336657,0.004489890170429445,0.0021468702514852336,0.004299511276040271,1084.007731246892,4446.8027680990635,5733.62809730492,0,0.0,0.0,0.0,0.0,1.1733333333333333,0.0010690335802876615,0.5345167901438308,1.0,5,True,1002
6,5.372652698488033,21.01395432187773,1.0,0.32511891335782417,0.45797103502292724,0.004489890170429445,0.002203849171751893,0.004413779764413686,1279.514723600939,4554.031587468855,5823.997062465505,2,59.44965565672859,59.44965565672859,123.54835115539935,0.0,1.1966666666666665,0.0010973995278123162,0.548699763906158,1.0,3,True,1002
7,4.622383981044702,21.01395432187773,1.0,0.32324421515921503,0.4308647401989887,0.004489890170429445,0.0022415659092758448,0.004489423357359905,1468.0782986908212,4654.502651262517,5914.40836188382,1,57.60644920094053,57.60644920094053,113.80325752882514,0.0,1.224,0.0011161744482302174,0.5580872241151087,1.0,4,True,1002
0,19.96358886404192,19.72791878550426,1.0,0.5347177904943161,1.0,0.005484902691080928,0.0026531849950320987,0.005315187088117165,411.0357898729486,3350.4595402021505,4990.89721601048,1,1.879159603004523,1.879159603004523,3.3473307330920843,0.0,1.0446666666666664,0.0013209389282481069,0.6604694641240534,1.0,13,True,1003
1,13.35945553440653,21.01395432187773,1.0,0.43723641519848433,0.7828140982270908,0.004489890170429445,0.0022737457028174984,0.004553965042370674,572.8691443069631,4073.379171389504,5491.214357857323,1,2.290504224964245,2.290504224964245,3.2688522226967116,0.0,1.133333333333333,0.0011317617299610701,0.565880864980535,1.0,7,True,1003
2,10.020086700961896,21.01395432187773,1.0,0.37813713960915474,0.6437433173467769,0.004489890170429445,0.002202229250948773,0.004410530978375079,765.4819887901357,4517.899962962921,5740.198494261622,1,51.64293462782491,51.64293462782491,91.46065490307946,0.0,1.1746666666666665,0.0010962716730735767,0.5481358365367883,1.0,7,True,1003
3,7.719337554561674,21.01395432187773,1.0,0.3449654138024121,0.5522520059234417,0.004489890170429445,0.0022092080737888048,0.004424527204781858,969.7399427975616,4794.428965137267,5909.013863408253,1,11.362705134684083,11.362705134684083,69.15729807874865,0.0,1.2046666666666666,0.001099872184078539,0.5499360920392695,1.0,7,True,1003
4,6.186444292792394,21.01395432187773,1.0,0.3301200059672764,0.4951525738070978,0.004489890170429445,0.0022640626186405835,0.004534543805996337,1110.1825240963135,4904.358981972703,5999.242134612798,0,0.0,0.0,0.0,0.0,1.228,0.0011271943573958867,0.5635971786979433,1.0,4,True,1003
5,5.490271087673253,21.01395432187773,1.0,0.32615974715591345,0.4712958419106654,0.004489890170429445,0.0023163455356867597,0.004639409773445788,1270.0662091651056,5022.621169622498,6095.203014086104,1,40.83677796530962,40.83677796530962,57.18938390219469,0.0,1.2533333333333332,0.001153220429303293,0.5766102146516465,1.0,4,True,1003
6,4.8744863135001015,21.01395432187773,1.0,0.3240092815804899,0.4498365655188695,0.004489890170429445,0.002358163740586295,0.004723291188344365,1414.4799533366481,5138.518951322943,6190.920353814265,0,0.0,0.0,0.0,0.0,1.28,0.0011740942292795152,0.5870471146397576,1.0,4,True,1003
7,4.45291016097983,20.34943101853157,1.0,0.31422420142292445,0.41769874499665716,0.00498752080731768,0.002398155301103422,0.004803512724298073,1556.9979535227046,5297.179594641465,6298.552156715036,0,0.0,0.0,0.0,0.0,1.308,0.0011940207101244636,0.5970103550622318,1.0,4,True,1003
0,19.484486543805943,21.01395432187773,1.0,0.5367410922898136,1.0,0.004489890170429445,0.002299502401072118,0.0046056260650685354,405.7225791963947,3152.185188562179,4871.121635951486,0,0.0,0.0,0.0,0.0,1.0173333333333334,0.001145713163703183,0.5728565818515915,1.0,14,True,1004
1,13.27887912078824,22.49122076213096,1.0,0.44198952279943493,0.7893377827771663,0.003493882139585125,0.0018693459952102923,0.0037430663010312734,565.9662868790411,3881.229719408737,5387.541085723358,0,0.0,0.0,0.0,0.0,1.112,0.0009314217614423582,0.46571088072117905,1.0,8,True,1004
2,9.78692239317031,22.49122076213096,1.0,0.38499315631845404,0.6485731556516712,0.003493882139585125,0.0018581194649089586,0.003720560820445322,737.9019322033204,4095.524287390919,5539.068126835939,1,3.525550108918241,3.525550108918241,27.33812604246478,0.0,1.145333333333333,0.0009259031161781979,0.46295155808909894,1.0,7,True,1004
3,7.690517652752754,22.49122076213096,1.0,0.356405101526568,0.5660178333670755,0.003493882139585125,0.0018715651525855973,0.003747515015140003,878.5667588554678,4288.9392706565,5674.847835610001,0,0.0,0.0,0.0,0.0,1.1766666666666665,0.0009325679005665712,0.4662839502832856,1.0,7,True,1004
4,6.602830493801942,21.7261134321297,1.0,0.33320783472503734,0.5023639539361217,0.003992010656008516,0.0019042604332852211,0.00381306022541252,1014.3393970906908,4476.858852531958,5801.027386211621,0,0.0,0.0,0.0,0.0,1.202,0.0009489490016840892,0.4744745008420446,1.0,7,True,1004
5,5.812068961824445,21.7261134321297,1.0,0.32811424966195657,0.4750690259762982,0.003992010656008516,0.00195395638219934,0.003912692325970106,1152.9666429946694,4584.8124349768605,5895.410526586525,1,26.460240555480418,26.460240555480418,26.918274904032703,0.0,1.2266666666666666,0.0009737356638685716,0.48686783193428584,1.0,3,True,1004
6,5.19189010477213,21.7261134321297,1.0,0.32602636587208256,0.45480898337061526,0.003992010656008516,0.0020064880252335993,0.004018016263822161,1292.2196664889684,4692.423401059475,5986.076104896366,0,0.0,0.0,0.0,0.0,1.2486666666666666,0.0010000184216626122,0.5000092108313061,1.0,5,True,1004
7,4.706443939054489,21.7261134321297,1.0,0.3258143285256626,0.43971275487889694,0.003992010656008516,0.002056800131876247,0.004118896613646912,1435.0051824466368,4805.575040005197,6081.759417274019,0,0.0,0.0,0.0,0.0,1.274,0.0010251094013338565,0.5125547006669282,1.0,3,True,1004
0,19.71312034674522,19.72791878550426,1.0,0.5357598976885884,1.0,0.005484902691080928,0.002829239427559461,0.005668506259155939,395.4453640692898,3245.535727997606,4928.280086686305,2,32.918746676225794,32.918746676225794,22.84170993739213,0.0,1.0386666666666664,0.0014083110307143841,0.7041555153571921,1.0,13,True,1005
1,13.901862935982972,21.01395432187773,1.0,0.4498144487444987,0.811044763068214,0.004489890170429445,0.0023596593163691675,0.004726291183621292,559.3603086706232,4068.619975113067,5497.4272499611525,0,0.0,0.0,0.0,0.0,1.1386666666666665,0.001174142413699389,0.5870712068496945,1.0,40,False,1005
2,10.148504807016288,21.01395432187773,1.0,0.3871883468784593,0.6604343773845638,0.004489890170429445,0.002353367876113555,0.0047136711381813735,708.0016625689866,4349.793081213747,5676.670781397934,0,0.0,0.0,0.0,0.0,1.17,0.001171097016354642,0.5855485081773211,1.0,7,True,1005
3,8.220735525268704,20.34943101853157,1.0,0.35148304395488894,0.5686753940408158,0.00498752080731768,0.0024019260623424194,0.004811076934065589,872.041095177577,4564.155641643311,5820.2944194301745,1,4.272940484353727,4.272940484353727,27.77786511628879,0.0,1.1946666666666665,0.0011952912654916267,0.5976456327458134,1.0,7,True,1005
4,6.819748233206221,20.34943101853157,1.0,0.3343686191020758,0.513440850649239,0.00498752080731768,0.002413450219283109,0.0048341948061234275,1014.6164936913859,4743.292969623022,5947.100718120499,2,4.28714298705534,4.28714298705534,7.249109436383227,0.0,1.226,0.0012010755740185577,0.6005377870092788,1.0,7,True,1005
5,5.953058317354562,20.34943101853157,1.0,0.3274194214612073,0.4819953041718499,0.00498752080731768,0.0024597443730090436,0.004927065902986675,1151.0405523407076,4855.527690035418,6040.0711566946275,0,0.0,0.0,0.0,0.0,1.2506666666666666,0.0012241622235981012,0.6120811117990506,1.0,4,True,1005
6,5.3366826266301866,20.34943101853157,1.0,0.32414309169120226,0.46056731817766394,0.00498752080731768,0.002506373734366296,0.005020614909578946,1312.2678018215222,4980.684946240882,6142.738118223468,1,5.252006191097947,5.252006191097947,26.50388605688349,0.0,1.278,0.0012473468130847242,0.6236734065423621,1.0,4,True,1005
7,4.753820213174841,20.34943101853157,1.0,0.32308119099946797,0.4414541303133862,0.00498752080731768,0.0025674727153897855,0.005143201509008234,1512.0314630823461,5098.161631366562,6238.285201397668,1,9.737000379941632,9.737000379941632,66.44584119202766,0.0,1.301333333333333,0.001277782405419594,0.638891202709797,1.0,3,True,1005
0,19.632869516296047,21.01395432187773,1.0,0.5359661350815217,1.0,0.004489890170429445,0.0021267963708367925,0.0042592560154103955,412.68993095250005,3225.491589982407,4908.217379074012,1,1.6988741267428873,1.6988741267428873,2.908084198678327,0.0,1.0173333333333334,0.0010601062626568569,0.5300531313284285,1.0,13,True,1006
1,12.876295139111397,22.49122076213096,1.0,0.4353710971125554,0.7735129597255399,0.003493882139585125,0.0018722276814289287,0.003748843179949098,571.0891364450055,3831.8146470848988,5313.917351883894,1,11.085672505954184,11.085672505954184,12.882997588437885,0.0,1.086,0.0009333477204049128,0.4666738602024564,1.0,9,True,1006
2,9.615007215782084,22.49122076213096,1.0,0.3818150502813363,0.6412444850787821,0.003493882139585125,0.0018534537786370933,0.0037112077555167874,735.7988577243553,4095.220169489542,5491.026167773487,1,41.91640028157081,41.91640028157081,60.25324460099002,0.0,1.1186666666666667,0.0009241438815579863,0.46207194077899316,1.0,7,True,1006
3,7.625420584213191,22.49122076213096,1.0,0.35506523344205776,0.5626923304405105,0.003493882139585125,0.0018641029370260248,0.0037325556638941764,875.3423971071924,4254.7610847217275,5610.775755531852,0,0.0,0.0,0.0,0.0,1.148,0.0009295913643238336,0.4647956821619168,1.0,7,True,1006
4,6.519090134131922,21.7261134321297,1.0,0.3329520146600168,0.4988163848537749,0.003992010656008516,0.00190200056815143,0.003808529719620597,1008.0363216305418,4363.479419451226,5706.435984968884,0,0.0,0.0,0.0,0.0,1.176,0.0009484382614032371,0.47421913070161853,1.0,4,True,1006
5,5.7845028552787445,21.7261134321297,1.0,0.3266014336083324,0.47171365912858754,0.003992010656008516,0.0019280866628067052,0.0038608270733840495,1143.700948971477,4546.213059089325,5830.988980696552,0,0.0,0.0,0.0,0.0,1.204,0.0009615048221895477,0.48075241109477385,1.0,7,True,1006
6,5.188656843690697,21.7261134321297,1.0,0.3233017809856498,0.4504231547096228,0.003992010656008516,0.001957301240956255,0.003919398433436208,1295.858382354461,4686.141923390094,5934.271756016398,1,3.102077111223262,3.102077111223262,15.817154211764732,0.0,1.234,0.0009759951156973017,0.48799755784865084,1.0,4,True,1006
7,4.651755884996494,21.7261134321297,1.0,0.3226675212134233,0.43267086988366565,0.003992010656008516,0.0020003117660242656,0.0040056327404955705,1436.916824645987,4797.591054180693,6028.016856239401,0,0.0,0.0,0.0,0.0,1.26,0.0009973921541295847,0.49869607706479235,1.0,4,True,1006
0,19.614370049928773,20.34943101853157,1.0,0.5360962709563185,1.0,0.00498752080731768,0.0024108121391533182,0.0048289026933213694,410.0572481467116,3212.9615937687076,4903.592512482193,1,7.536930310935359,7.536930310935359,8.451593676690031,0.0,1.03,0.0012017605367516504,0.6008802683758252,1.0,14,True,1007
1,13.186820006610287,21.7261134321297,1.0,0.4345274054275298,0.7745269979155689,0.003992010656008516,0.0020055696901297164,0.004016174977495805,568.281142994866,3927.8961583199953,5407.351123716615,1,10.989920409571337,10.989920409571337,9.503262018347641,0.0,1.1226666666666665,0.0009997541792198736,0.4998770896099368,1.0,7,True,1007
2,9.76672712853919,21.7261134321297,1.0,0.38049946797199785,0.6396570130647469,0.003992010656008516,0.0020280328115250385,0.004061214741539665,711.596474626392,4115.023105944557,5550.246855925216,0,0.0,0.0,0.0,0.0,1.152,0.0010108920951160641,0.505446047558032,1.0,6,True,1007
3,8.019923884292691,21.7261134321297,1.0,0.3550677191494433,0.5695234600446968,0.003992010656008516,0.0020249916105967163,0.004055116896275252,852.6783183384513,4349.11373983351,5706.949562834679,0,0.0,0.0,0.0,0.0,1.1833333333333333,0.001009519109651484,0.504759554825742,1.0,7,True,1007
4,6.868839563970101,21.7261134321297,1.0,0.34077984429134167,0.5250699798134664,0.003992010656008516,0.0020435083556701763,0.004092244775475716,995.6959997182889,4596.103745637001,5856.910568342647,0,0.0,0.0,0.0,0.0,1.2113333333333332,0.0010188629214960547,0.5094314607480274,1.0,7,True,1007
5,6.012841994493611,21.7261134321297,1.0,0.33283572565826314,0.4936719056428974,0.003992010656008516,0.0020767314399975146,0.0041588624575140485,1141.124790466734,4793.249522310205,5986.962720855427,0,0.0,0.0,0.0,0.0,1.238,0.0010354700206124284,0.5177350103062142,1.0,7,True,1007
6,5.336176472275216,21.7261134321297,1.0,0.3289989869091191,0.46962128064832387,0.003992010656008516,0.0021121658980784003,0.0042299173587947506,1288.408314446658,4916.550239625485,6089.243258818573,0,0.0,0.0,0.0,0.0,1.267333333333333,0.001053053815789628,0.526526907894814,1.0,3,True,1007
7,4.800288346092774,21.01395432187773,1.0,0.3184388600077581,0.43312895498207993,0.004489890170429445,0.002178667016851266,0.004363277156153744,1433.0821084789075,5035.106403471868,6184.731416847328,0,0.0,0.0,0.0,0.0,1.2893333333333332,0.0010861993608449812,0.5430996804224906,1.0,3,True,1007
0,19.19190108883329,21.01395432187773,1.0,0.537072173283656,1.0,0.004489890170429445,0.0021384798395382436,0.004282685396804579,404.47580136922846,3121.8012441182846,4797.975272208323,0,0.0,0.0,0.0,0.0,0.9873333333333333,0.0010660341155110601,0.5330170577555301,1.0,40,False,1008
1,13.149927291239987,22.49122076213096,1.0,0.4302434194519837,0.7657513358591728,0.003493882139585125,0.0016816896066491952,0.003366918857475037,562.5654610293417,3865.0513386088714,5318.827379071381,1,1.6345559833170875,1.6345559833170875,3.2502118252477734,0.0,1.088,0.0008384049975987031,0.41920249879935156,1.0,7,True,1008
2,9.669254559149806,22.49122076213096,1.0,0.3755588725867003,0.62831210962182,0.003493882139585125,0.0016996313396956846,0.0034028783040882605,701.7835856011561,4018.376272650741,5439.588648878174,0,0.0,0.0,0.0,0.0,1.1166666666666665,0.0008473183140287977,0.4236591570143988,1.0,6,True,1008
3,7.893877302955014,22.49122076213096,1.0,0.3542980804542508,0.5633817782480386,0.003493882139585125,0.0017611255931440977,0.0035261333599358635,890.1499323945094,4130.957997868925,5539.793517963353,1,9.013627122041388,9.013627122041388,61.557960659058416,0.0,1.138,0.0008779418442904837,0.43897092214524186,1.0,6,True,1008
4,6.333217090247863,22.49122076213096,1.0,0.3393558892886165,0.5053351610365708,0.003493882139585125,0.0018057924790177097,0.0036156666930892345,1021.5239622996797,4244.048352364058,5637.512764723887,0,0.0,0.0,0.0,0.0,1.1626666666666665,0.000900201709938049,0.4501008549690245,1.0,4,True,1008
5,5.6079565347049884,22.49122076213096,1.0,0.3359933246805681,0.4816847281189257,0.003493882139585125,0.0018609099126651435,0.003726154715830379,1158.692511710317,4346.388014792316,5728.661979736221,1,2.0083442180303583,2.0083442180303583,4.5171676413452015,0.0,1.186,0.0009276841311723225,0.46384206558616126,1.0,3,True,1008
6,5.02161709371671,21.7261134321297,1.0,0.32327141151924244,0.43996116574654065,0.003992010656008516,0.001913924611920748,0.003832434808247345,1288.7436700616165,4450.1912919123615,5818.5101231660765,0,0.0,0.0,0.0,0.0,1.208,0.0009541739508185813,0.4770869754092907,1.0,4,True,1008
7,4.587900531537702,21.7261134321297,1.0,0.3237860455372049,0.4271325505159874,0.003992010656008516,0.0019658220703106083,0.003936481971527132,1422.4101936334941,4557.5018210918415,5912.62776889154,0,0.0,0.0,0.0,0.0,1.2326666666666666,0.0009800466939823475,0.4900233469911737,1.0,3,True,1008
0,18.965519920565825,22.49122076213096,1.0,0.5377160643759116,1.0,0.003493882139585125,0.001718095036030998,0.0034398847312178305,405.4277897774783,3064.237635033701,4741.379980141456,2,12.296472955792984,12.296472955792984,9.840569764548942,0.0,0.9666666666666667,0.0008565762359768923,0.4282881179884461,1.0,14,True,1009
1,12.469535413526534,23.315409153624614,1.0,0.42554286376118816,0.7477245617170871,0.0029955044966269995,0.00152139387250726,0.003045684408447672,546.5937098802837,3517.010454980901,5055.496182258057,0,0.0,0.0,0.0,0.0,1.0226666666666666,0.0007587546147387964,0.3793773073693982,1.0,7,True,1009
2,9.464049484798334,23.315409153624614,1.0,0.3811679391908387,0.6325466364317245,0.0029955044966269995,0.0015655995109262414,0.0031342665654227196,677.4181099675452,3664.8008685012724,5172.989918386508,0,0.0,0.0,0.0,0.0,1.046,0.0007807803190664518,0.39039015953322587,1.0,6,True,1009
3,7.8109755277147945,23.315409153624614,1.0,0.3609227881325422,0.5714162591450931,0.0029955044966269995,0.0016097483214062795,0.0032227397403033118,806.4577471075588,3825.813859284811,5291.296278987305,0,0.0,0.0,0.0,0.0,1.0673333333333335,0.0008028873757390775,0.40144368786953877,1.0,7,True,1009
4,6.669494920752399,22.49122076213096,1.0,0.33732771002827655,0.5039594113238246,0.003493882139585125,0.0016559504866177524,0.003315333026941996,977.9768738927869,3918.068345182566,5378.665848135286,1,7.474575624306752,7.474575624306752,55.17950474258223,0.0,1.09,0.0008259779501878964,0.4129889750939482,1.0,4,True,1009
5,5.591318108665534,22.49122076213096,1.0,0.32956488934971584,0.46301615457355916,0.003493882139585125,0.001677774894644635,0.003359072962620061,1122.2033132164647,4008.810139257752,5468.179804852848,1,4.478194850203975,4.478194850203975,25.09547107090758,0.0,1.1186666666666665,0.0008368695295576528,0.4184347647788264,1.0,4,True,1009
6,4.957168388030204,22.49122076213096,1.0,0.3289874242623137,0.44403901878053914,0.003493882139585125,0.0017421125447922739,0.00348802383687933,1247.6925770878604,4123.310327761081,5562.950789219416,0,0.0,0.0,0.0,0.0,1.138,0.0008689796366098961,0.43448981830494804,1.0,3,True,1009
7,4.535391011240813,22.49122076213096,1.0,0.3290989898466833,0.43082861978378867,0.003493882139585125,0.0017793023951649615,0.0035625675694172534,1469.717810355316,4239.821561070655,5658.773698916168,2,13.808815948991297,13.808815948991297,103.20199233172805,0.0,1.1653333333333333,0.000887486182833062,0.443743091416531,1.0,4,True,1009
0,19.97740451419439,20.34943101853157,1.0,0.5353267710543016,1.0,0.00498752080731768,0.0026169385432233466,0.005242454682869616,404.81720996292717,3288.393016668847,4994.351128548597,1,9.34039754995591,9.34039754995591,5.538521025755606,0.0,1.0793333333333333,0.0013034150839996085,0.6517075419998043,1.0,14,True,1010
1,13.470770255819813,21.01395432187773,1.0,0.44350239132546404,0.7936772058253374,0.004489890170429445,0.002358022075076028,0.004723007019911954,561.0518025289236,3932.7775689033892,5453.199631012563,0,0.0,0.0,0.0,0.0,1.15,0.0011740383105263551,0.5870191552631776,1.0,7,True,1010
2,10.150416464777619,21.01395432187773,1.0,0.38560825960862544,0.6568625910101082,0.004489890170429445,0.002305321679770134,0.00461729820693569,710.2652011493291,4345.223052433859,5694.909453982748,0,0.0,0.0,0.0,0.0,1.1866666666666665,0.0011480096804631934,0.5740048402315967,1.0,7,True,1010
3,8.190321194622062,21.01395432187773,1.0,0.35890141814598786,0.5818853425805478,0.004489890170429445,0.0023504398190510203,0.0047077977613024695,853.5508866649257,4515.443291219744,5817.300130775851,0,0.0,0.0,0.0,0.0,1.2106666666666668,0.0011705605050485568,0.5852802525242784,1.0,7,True,1010
4,6.985436865090662,20.34943101853157,1.0,0.33538675147448205,0.5179295965207316,0.00498752080731768,0.0023828662723994758,0.004772843044665533,992.142319443647,4730.910454394219,5962.4258299399935,0,0.0,0.0,0.0,0.0,1.2393333333333332,0.001186713113748271,0.5933565568741356,1.0,7,True,1010
5,6.11224554292121,20.34943101853157,1.0,0.3283758876282601,0.4874595798167243,0.00498752080731768,0.002446740474357956,0.004900978126763077,1173.6058487806467,4868.389625730841,6064.217469962943,1,45.64672553284789,45.64672553284789,86.83423181029644,0.0,1.2633333333333334,0.0012184997917405172,0.6092498958702586,1.0,7,True,1010
6,5.255065290559981,20.34943101853157,1.0,0.3242177715831356,0.4582096262734763,0.00498752080731768,0.002519526717689147,0.005047003746622764,1342.5777508381673,4995.931236126942,6167.375360725362,2,6.5452025467893815,6.5452025467893815,32.0451312902599,0.0,1.2853333333333332,0.0012547642081966392,0.6273821040983196,1.0,6,True,1010
7,4.663339401862834,20.34943101853157,1.0,0.32320133527183087,0.4384350831915733,0.00498752080731768,0.0025762370814074627,0.005160786759150555,1485.5786839720263,5113.128967368781,6260.895725548008,0,0.0,0.0,0.0,0.0,1.3106666666666664,0.0012829460974031314,0.6414730487015657,1.0,5,True,1010
0,19.30426471664685,20.34943101853157,1.0,0.5369643299724622,1.0,0.00498752080731768,0.0024604034478284747,0.004928388117506045,401.80797025066687,3131.638463164976,4826.066179161712,1,9.026884185763159,9.026884185763159,5.990974523799326,0.0,1.004,0.0012266905630559852,0.6133452815279926,1.0,16,True,1011
1,13.38498768045048,21.7261134321297,1.0,0.436978043478676,0.7809578681182412,0.003992010656008516,0.0019882449314880704,0.003981438772178596,611.9241443200756,3918.79058815618,5378.194731711989,1,6.403420328542395,6.403420328542395,55.357374355565135,0.0,1.1086666666666665,0.0009912762076127429,0.49563810380637147,1.0,8,True,1011
2,9.078812706767815,21.7261134321297,1.0,0.3677701294754473,0.607664767524729,0.003992010656008516,0.0019761558294695506,0.003957200524320853,822.8134372243089,4173.388017497861,5555.544697031124,1,11.155509714226238,11.155509714226238,79.40518444804815,0.0,1.146,0.000985147861072872,0.492573930536436,1.0,7,True,1011
3,6.942352629586423,21.7261134321297,1.0,0.3411543529168997,0.5256642350808775,0.003992010656008516,0.002016200233721266,0.004037489630000088,960.3544614940112,4429.931414026436,5712.261029573224,0,0.0,0.0,0.0,0.0,1.1673333333333333,0.0010052553636201668,0.5026276818100834,1.0,6,True,1011
4,6.077189612126677,21.7261134321297,1.0,0.3323250452424741,0.49230437976594243,0.003992010656008516,0.0020306964054832904,0.004066555474434845,1167.4749309043889,4611.901775621067,5836.256157350914,1,11.681461585539253,11.681461585539253,77.56860493616901,0.0,1.1973333333333334,0.0010125466898250055,0.5062733449125028,1.0,7,True,1011
5,5.077857351775598,21.7261134321297,1.0,0.3277172919777318,0.45704455275238676,0.003992010656008516,0.002085784795303903,0.004177016386562281,1355.1876682634534,4717.271010333623,5928.271160906559,2,7.206827186625794,7.206827186625794,50.99895979029273,0.0,1.2206666666666666,0.0010399952281858924,0.5199976140929462,1.0,3,True,1011
6,4.446129281974686,21.7261134321297,1.0,0.32591161942022767,0.4326296410927084,0.003992010656008516,0.002095815581571348,0.004197130515828391,1541.2135928961186,4827.418403210562,6025.339574437137,2,7.910001889463368,7.910001889463368,47.05356702112784,0.0,1.2546666666666666,0.0010449219197726895,0.5224609598863448,1.0,4,True,1011
7,3.9905005870253043,21.01395432187773,1.0,0.31632966238417276,0.39809991895500446,0.004489890170429445,0.0021447013928542653,0.004295161895359894,1685.3706056657686,5029.4612753826395,6150.213747183339,0,0.0,0.0,0.0,0.0,1.278,0.0010693420922921258,0.5346710461460629,1.0,6,True,1011
0,19.285743346221324,20.34943101853157,1.0,0.5366096968777261,1.0,0.00498752080731768,0.002452139426573386,0.004911809185190128,400.8589998901263,3164.395929512658,4821.435836555331,0,0.0,0.0,0.0,0.0,0.9953333333333333,0.0012203790378969045,0.6101895189484523,1.0,11,True,1012
1,13.28450540559719,21.7261134321297,1.0,0.4383730082617352,0.7834062894520711,0.003992010656008516,0.0020634764778426186,0.0041322837723641115,587.7744770237396,3893.7646557318076,5325.213550922666,1,5.706528110936179,5.706528110936179,37.835952585335185,0.0,1.0873333333333333,0.0010265307067271934,0.5132653533635967,1.0,7,True,1012
2,9.308905806034598,21.7261134321297,1.0,0.37495650385819135,0.6249317718342704,0.003992010656008516,0.002069906313704062,0.004145176744095286,755.5743431390595,4115.127305593882,5471.537241805239,1,4.705038308223991,4.705038308223991,34.50653593778416,0.0,1.1146666666666667,0.0010298511127576156,0.5149255563788078,1.0,7,True,1012
3,7.377093201666893,21.01395432187773,1.0,0.3419398551795797,0.5328088695403027,0.004489890170429445,0.0021350113067577395,0.004275729757375789,881.1385480191215,4245.882847696594,5573.942350125084,0,0.0,0.0,0.0,0.0,1.134,0.0010623134939453875,0.5311567469726938,1.0,6,True,1012
4,6.428302615493105,21.01395432187773,1.0,0.3341410373484581,0.4997851810004174,0.004489890170429445,0.002198516515658189,0.004403085032708758,1039.644713082284,4348.266746574928,5664.225232843115,2,72.18393654915475,72.18393654915475,102.61510570636342,0.0,1.1546666666666665,0.0010939631145447126,0.5469815572723563,1.0,3,True,1012
5,5.548880111575124,21.01395432187773,1.0,0.32873716437901057,0.4692553175362438,0.004489890170429445,0.0022589105672456092,0.004524210499356091,1180.150244748221,4483.945631663903,5768.8638715265115,1,19.518541916437226,19.518541916437226,32.23051488968545,0.0,1.1773333333333333,0.0011239782773796096,0.5619891386898048,1.0,6,True,1012
6,4.968667124867954,21.01395432187773,1.0,0.32682387131978696,0.44912236785000514,0.004489890170429445,0.0022991503283993357,0.004604919890556413,1308.9511133221931,4590.039620262169,5863.773723485356,0,0.0,0.0,0.0,0.0,1.2026666666666666,0.0011440835892798538,0.5720417946399269,1.0,6,True,1012
7,4.55866586078352,21.01395432187773,1.0,0.3259225025032395,0.43529337927944844,0.004489890170429445,0.0023329523340697494,0.004672720140199498,1441.5190101855558,4735.571105929872,5967.070753736462,0,0.0,0.0,0.0,0.0,1.2313333333333334,0.0011609039831013258,0.580451991550663,1.0,4,True,1012
0,18.80225547683135,21.7261134321297,1.0,0.5381035291956096,1.0,0.003992010656008516,0.002092585589309715,0.004190653580033336,399.7511349194321,3030.536019597965,4700.563869207837,0,0.0,0.0,0.0,0.0,0.9586666666666667,0.0010421583837811963,0.5210791918905981,1.0,14,True,1013
1,13.102482297656326,22.49122076213096,1.0,0.4290514079790736,0.763735486670815,0.003493882139585125,0.0016805068385105876,0.003364548340738324,568.2795108399142,3836.366787865678,5237.732168749885,1,39.64410146394033,39.64410146394033,53.89762623056226,0.0,1.0486666666666664,0.0008370379957956402,0.4185189978978201,1.0,8,True,1013
2,9.42737922813621,22.49122076213096,1.0,0.3721774442706618,0.6199346084188031,0.003493882139585125,0.001712689279939861,0.0034290499909373513,704.7620245160493,3999.139163031516,5357.3864562676135,0,0.0,0.0,0.0,0.0,1.07,0.0008532891768006676,0.42664458840033376,1.0,7,True,1013
3,7.735735859887804,22.49122076213096,1.0,0.350893101202594,0.5549710327933471,0.003493882139585125,0.0017399793322243732,0.0034837481081456236,835.7611644589886,4095.573161414286,5451.85286573593,0,0.0,0.0,0.0,0.0,1.098,0.0008668881116944484,0.43344405584722423,1.0,4,True,1013
4,6.630159128942533,22.49122076213096,1.0,0.34076311190295394,0.5153740179647865,0.003493882139585125,0.0017869985375648881,0.0035779942328520668,965.6780217613183,4194.332539251228,5541.229514153405,0,0.0,0.0,0.0,0.0,1.121333333333333,0.0008903489373252945,0.44517446866264726,1.0,3,True,1013
5,5.866047412836472,22.49122076213096,1.0,0.33312720711698895,0.4853338032201904,0.003493882139585125,0.0017923507282192944,0.00358872261002813,1102.8656466615287,4371.900799966884,5664.713061186023,1,1.9104445204874196,1.9104445204874196,5.1482366455260795,0.0,1.1526666666666665,0.000893078606374103,0.4465393031870515,1.0,7,True,1013
6,5.2221078665562946,22.49122076213096,1.0,0.33038957170564986,0.46310583015875406,0.003493882139585125,0.0018285096971158658,0.003661204545986286,1237.5505644688067,4476.368234305079,5759.283369185864,0,0.0,0.0,0.0,0.0,1.1786666666666665,0.0009111128489756728,0.4555564244878364,1.0,4,True,1013
7,4.728066805765752,22.49122076213096,1.0,0.32974674195264575,0.4469238845972934,0.003493882139585125,0.001865402201834532,0.0037351602634888036,1375.5298656987798,4584.309986134598,5851.221744321634,0,0.0,0.0,0.0,0.0,1.2053333333333334,0.0009295037520171411,0.46475187600857054,1.0,3,True,1013
0,18.937188858193274,21.01395432187773,1.0,0.5378714122731063,1.0,0.004489890170429445,0.0023538981936602425,0.004714734902137949,400.16388349545144,3050.6426879085875,4734.297214548318,1,9.7484153323649,9.7484153323649,8.825561323685916,0.0,0.9766666666666667,0.0011727063374270933,0.5863531687135467,1.0,14,True,1014
1,13.169496708470119,21.7261134321297,1.0,0.43101155323483664,0.7672471459909397,0.003992010656008516,0.0019296195267891284,0.003863900209381935,552.1257825711638,3822.0448018519546,5269.956946541968,0,0.0,0.0,0.0,0.0,1.0706666666666667,0.0009612584059434985,0.48062920297174927,1.0,7,True,1014
2,9.880540906896666,21.7261134321297,1.0,0.37687767992069754,0.6352533294012673,0.003992010656008516,0.0019246281375748689,0.0038538933302157304,693.7421797077046,4107.08368852833,5455.301380446718,0,0.0,0.0,0.0,0.0,1.1013333333333333,0.0009588750302478084,0.4794375151239042,1.0,7,True,1014
3,8.094317979532065,21.7261134321297,1.0,0.3504632105021469,0.5637341006138459,0.003992010656008516,0.00192382279530694,0.0038522787629759405,832.7788657568267,4362.970745136204,5615.3697983678385,0,0.0,0.0,0.0,0.0,1.1306666666666667,0.0009586589191492177,0.4793294595746089,1.0,7,True,1014
4,6.859899238213699,21.7261134321297,1.0,0.3371593600229459,0.5174796479350704,0.003992010656008516,0.0019596824517397198,0.003924172540159109,990.7298538846362,4476.987728426993,5712.779106805724,1,3.4916423742718816,3.4916423742718816,23.54117547150899,0.0,1.1593333333333333,0.0009764312213781704,0.4882156106890852,1.0,6,True,1014
5,5.861553037829692,21.7261134321297,1.0,0.32937467633304973,0.4810057984473937,0.003992010656008516,0.001999651779207612,0.004004309459384956,1126.9123420398644,4583.198597358021,5807.215584706057,0,0.0,0.0,0.0,0.0,1.1846666666666665,0.0009963991287694949,0.4981995643847474,1.0,4,True,1014
6,5.2642630598289735,21.7261134321297,1.0,0.3256852672747304,0.46037869526281755,0.003992010656008516,0.0020375838036866827,0.004080365377432402,1267.4772233968145,4773.404374364853,5932.363013865811,0,0.0,0.0,0.0,0.0,1.2093333333333331,0.0010154188047256782,0.5077094023628391,1.0,7,True,1014
7,4.7549992485120045,21.7261134321297,1.0,0.32535460803869326,0.4448157611326877,0.003992010656008516,0.0020938336872578516,0.004193156322946038,1411.5270310421117,4888.508763322618,6026.853244757935,0,0.0,0.0,0.0,0.0,1.2333333333333334,0.0010434731562949098,0.5217365781474549,1.0,3,True,1014
0,19.610524920897145,20.34943101853157,1.0,0.5361384163689071,1.0,0.00498752080731768,0.002509023015026036,0.005025930127711681,404.140281118407,3208.9230121203573,4902.631230224286,0,0.0,0.0,0.0,0.0,1.0366666666666668,0.00124933454088162,0.62466727044081,1.0,12,True,1015
1,13.41819077449811,21.01395432187773,1.0,0.43396212401648165,0.776082336154328,0.004489890170429445,0.0021559492973498022,0.0043177183202148875,561.0739478078702,3996.250268813298,5422.831391706081,0,0.0,0.0,0.0,0.0,1.1186666666666665,0.0010734472606819536,0.5367236303409768,1.0,15,True,1015
2,9.997573990424995,21.01395432187773,1.0,0.3770568228394233,0.638396193995985,0.004489890170429445,0.002144872765856721,0.004295505562523241,713.8056786559324,4287.580595204054,5609.378307309034,1,34.523768076503956,34.523768076503956,40.874161941023104,0.0,1.152,0.0010679744060725414,0.5339872030362707,1.0,7,True,1015
3,8.070274693392864,21.01395432187773,1.0,0.349062952688316,0.561989828953829,0.004489890170429445,0.002153686701529334,0.004313180909724359,854.7992174602305,4529.519216642493,5760.607904457091,0,0.0,0.0,0.0,0.0,1.1793333333333333,0.0010725647343008391,0.5362823671504195,1.0,7,True,1015
4,6.856907212165031,21.01395432187773,1.0,0.336968151590462,0.5190358801112196,0.004489890170429445,0.0022258324660433875,0.0044578683861855335,996.4068670361038,4663.579625672916,5861.278919156079,1,22.908112376148143,22.908112376148143,24.28571075192257,0.0,1.1993333333333334,0.0011085463285504873,0.5542731642752436,1.0,3,True,1015
5,5.975478609024489,21.01395432187773,1.0,0.33092777822170905,0.4891698387932346,0.004489890170429445,0.0022961994337563412,0.004599001106072519,1135.567610749562,4773.652641038363,5954.007919859347,0,0.0,0.0,0.0,0.0,1.2186666666666666,0.0011437048697514704,0.5718524348757352,1.0,4,True,1015
6,5.326492164027353,21.01395432187773,1.0,0.3277873287296902,0.4670777636152409,0.004489890170429445,0.002347080850321193,0.004701060047131286,1286.407787820542,4888.763016621502,6048.591980380805,2,4.476590768002381,4.476590768002381,11.153450644898577,0.0,1.2453333333333332,0.0011690170001353937,0.5845085000676968,1.0,4,True,1015
7,4.777750959128034,21.01395432187773,1.0,0.3255433185748748,0.4465969092725133,0.004489890170429445,0.0023664925436699407,0.004739998116320368,1439.313035544582,5004.410832627847,6146.136042089367,1,2.577576619281392,2.577576619281392,10.558169684367824,0.0,1.2786666666666666,0.001178557928719349,0.5892789643596745,1.0,3,True,1015
0,19.693220584154393,20.34943101853157,1.0,0.5359162229918816,1.0,0.00498752080731768,0.0023979862703804593,0.004803173646693198,422.3663598612694,3230.3214143161604,4923.305146038598,2,56.43716010916693,56.43716010916693,70.55188466775874,0.0,1.0373333333333332,0.00119283268297856,0.59641634148928,1.0,12,True,1016
1,12.830185325375528,21.7261134321297,1.0,0.4317160833721767,0.767873928955841,0.003992010656008516,0.002094429620003868,0.004194351315840129,629.191415104756,3997.62263989448,5419.038672224338,1,8.86357936181345,8.86357936181345,58.46096522611983,0.0,1.1106666666666665,0.001041686792941439,0.5208433964707195,1.0,7,True,1016
2,8.880093310590173,21.7261134321297,1.0,0.36941770218985237,0.6103064921738667,0.003992010656008516,0.0020995568700463265,0.004204632760134968,767.8278808046862,4266.138392846245,5587.278476352508,0,0.0,0.0,0.0,0.0,1.1393333333333333,0.0010443665966185952,0.5221832983092975,1.0,6,True,1016
3,7.401269094464462,21.01395432187773,1.0,0.3421299940181501,0.5350059485446284,0.004489890170429445,0.002150810256276681,0.004307412503926045,903.9540983377236,4376.608299413605,5682.9007640678665,2,28.604829026661356,28.604829026661356,32.25063522153111,0.0,1.164,0.0010698843237790664,0.5349421618895331,1.0,7,True,1016
4,6.3850592118263485,21.01395432187773,1.0,0.33323014524597805,0.4985111943789859,0.004489890170429445,0.0022044178036390474,0.00441492016946649,1053.9717296924805,4478.355894743054,5771.800442659463,1,42.70365827976568,42.70365827976568,62.53780625771606,0.0,1.186,0.0010966457449387592,0.5483228724693796,1.0,3,True,1016
5,5.569868213298511,21.01395432187773,1.0,0.327229984364261,0.46810189176089534,0.004489890170429445,0.0022329495762697387,0.004472142375196883,1202.811239409469,4601.655044539428,5870.483634929397,1,2.953772731167549,2.953772731167549,20.745624315201564,0.0,1.2133333333333332,0.0011109713272322087,0.5554856636161043,1.0,4,True,1016
6,4.959447980430695,21.01395432187773,1.0,0.3250952207032366,0.44680509381609085,0.004489890170429445,0.0022736319249126342,0.004553736838134179,1334.623368369196,4711.141037191735,5965.2797721286315,0,0.0,0.0,0.0,0.0,1.24,0.0011312452149907868,0.5656226074953934,1.0,4,True,1016
7,4.543861746077753,21.01395432187773,1.0,0.3240933070531644,0.4315047241305986,0.004489890170429445,0.0022909501697426452,0.004588472399852387,1477.9035425075647,4824.744027395547,6064.344068954228,1,2.5103961659916196,2.5103961659916196,9.354789226422604,0.0,1.2733333333333334,0.0011398135057563146,0.5699067528781573,1.0,3,True,1016
0,19.315309391377564,20.34943101853157,1.0,0.5371187254659198,1.0,0.00498752080731768,0.0025825443040683464,0.005173441996912592,394.4440829082264,3117.5725238671657,4828.827347844391,2,28.252611073175046,28.252611073175046,19.25489595943307,0.0,1.018,0.0012860704015875254,0.6430352007937628,1.0,13,True,1017
1,13.786506730059257,21.7261134321297,1.0,0.4485418381359486,0.8072564872254595,0.003992010656008516,0.0021077149424035494,0.004220991912464838,558.6849880257876,3996.699479474781,5438.006003646315,0,0.0,0.0,0.0,0.0,1.118,0.0010494079477457322,0.524703973872866,1.0,7,True,1017
2,10.107497281079716,21.7261134321297,1.0,0.38645543507961244,0.6586253591397596,0.003992010656008516,0.0020904238430058623,0.004186318757038146,778.1150025862082,4329.817351790778,5646.906997450702,3,29.20610395243304,29.20610395243304,91.08121862743826,0.0,1.1493333333333333,0.0010409706421727312,0.5204853210863656,1.0,7,True,1017
3,7.435144148236327,21.7261134321297,1.0,0.34856360527964003,0.5508146130106104,0.003992010656008516,0.0020796690909615336,0.004164753058410574,927.0599135794428,4540.053190876253,5785.397208133741,1,33.860393984684286,33.860393984684286,39.31845956097543,0.0,1.1826666666666665,0.0010356867318926809,0.5178433659463404,1.0,6,True,1017
4,6.40530672493066,21.7261134321297,1.0,0.3359819017463287,0.5098115402184697,0.003992010656008516,0.0020819019758980374,0.004169230471407212,1090.4998653552595,4790.158550475249,5938.103098864041,1,41.2348163240707,41.2348163240707,58.309673432093525,0.0,1.212,0.0010370329390415288,0.5185164695207644,1.0,7,True,1017
5,5.536162945089591,21.7261134321297,1.0,0.3297542619958599,0.47744717767909645,0.003992010656008516,0.0021101218747562106,0.004225818497943858,1242.8774310612644,4899.23868948728,6037.184946204976,2,25.558314823930715,25.558314823930715,29.460312020567695,0.0,1.242,0.001051083027909865,0.5255415139549324,1.0,4,True,1017
6,4.96097554067173,21.01395432187773,1.0,0.3157028577054597,0.435305884014888,0.004489890170429445,0.0021240081018810255,0.004253664625877215,1391.4272733586595,5095.105739108954,6165.884535547847,1,1.5663242566642992,1.5663242566642992,4.940492027456336,0.0,1.272,0.0010580915689243058,0.5290457844621529,1.0,7,True,1017
7,4.503079992065001,21.01395432187773,1.0,0.3155574138890882,0.4212220031723351,0.004489890170429445,0.0021784267013018614,0.004362795212935529,1538.6165612921723,5237.800171512918,6265.708315074939,0,0.0,0.0,0.0,0.0,1.296,0.0010852386165614777,0.5426193082807389,1.0,3,True,1017
0,19.69842973412573,20.34943101853157,1.0,0.5353884102982318,1.0,0.00498752080731768,0.0026003173798287097,0.005209103635305041,403.51376952854656,3282.2298726214835,4924.607433531433,0,0.0,0.0,0.0,0.0,1.0246666666666666,0.0012933406260482372,0.6466703130241186,1.0,14,True,1018
1,13.53584779737403,21.01395432187773,1.0,0.43629625992066656,0.781831884828229,0.004489890170429445,0.0021693862079007254,0.004344664970575284,569.8358698208676,4042.3979351470152,5461.900968483069,1,36.59302956059293,36.59302956059293,45.92077546030274,0.0,1.1206666666666665,0.0010784425731492477,0.5392212865746239,1.0,7,True,1018
2,9.820748547415254,21.01395432187773,1.0,0.3772871339781951,0.6363388658688782,0.004489890170429445,0.0022096023967769335,0.0044253180343296495,707.7343690169945,4249.667085809156,5596.214790808393,0,0.0,0.0,0.0,0.0,1.1426666666666665,0.0010986264019746494,0.5493132009873247,1.0,7,True,1018
3,8.05052851655296,21.01395432187773,1.0,0.35412026333427815,0.5688046098291429,0.004489890170429445,0.002252171908700229,0.00451069508558196,839.266840866466,4367.961944093517,5697.63571991593,0,0.0,0.0,0.0,0.0,1.1693333333333333,0.0011197937931861045,0.5598968965930522,1.0,4,True,1018
4,6.91312308751621,21.01395432187773,1.0,0.34180694723851,0.5263762255263515,0.004489890170429445,0.0022922744378172993,0.004591128542731197,970.8976646941788,4498.301735845111,5801.95497418076,1,2.0638938394157886,2.0638938394157886,2.878350045520725,0.0,1.1966666666666665,0.001139725952957435,0.5698629764787175,1.0,3,True,1018
5,6.072610000417645,21.01395432187773,1.0,0.3355842715578746,0.4970676517279894,0.004489890170429445,0.0023489973527447087,0.004704904332358939,1105.5381375113918,4605.740438391591,5895.882868004008,1,1.0196834278699058,1.0196834278699058,4.515532816919358,0.0,1.2193333333333334,0.0011679835638806935,0.5839917819403467,1.0,3,True,1018
6,5.428666453542017,20.34943101853157,1.0,0.3225758462743784,0.4565981626592438,0.00498752080731768,0.0023962846431417107,0.004799760166574892,1241.8115487439493,4757.720631280716,6001.597800219414,1,2.4225474552171686,2.4225474552171686,10.450500901124897,0.0,1.2453333333333334,0.0011914915858998172,0.5957457929499086,1.0,3,True,1018
7,4.909566204696124,20.34943101853157,1.0,0.32049336463646894,0.4378455579466963,0.00498752080731768,0.0024250919168921086,0.0048575488079594855,1370.612144681783,4871.235553606461,6096.756012314647,0,0.0,0.0,0.0,0.0,1.276,0.0012057421609957682,0.6028710804978841,1.0,4,True,1018
0,19.3961003667621,21.7261134321297,1.0,0.5368574490316409,1.0,0.003992010656008516,0.001954611495125536,0.003914005759691605,409.0386555085503,3141.4446952823982,4849.025091690524,0,0.0,0.0,0.0,0.0,1.0179999999999998,0.000975196066640878,0.487598033320439,1.0,12,True,1019
1,12.871721251414382,22.49122076213096,1.0,0.42755338486986605,0.7565704513346894,0.003493882139585125,0.0017012366534885474,0.0034060957693111903,560.9188264299827,3742.1074612679968,5265.031554759373,0,0.0,0.0,0.0,0.0,1.0866666666666664,0.0008490050366624261,0.42450251833121305,1.0,11,True,1019
2,9.70296459732567,22.49122076213096,1.0,0.37552142070238403,0.628328002251239,0.003493882139585125,0.0016862524511191638,0.003376063792766478,703.3322935239928,4009.9939523270687,5442.575514823584,0,0.0,0.0,0.0,0.0,1.1186666666666665,0.0008416583645340823,0.42082918226704114,1.0,7,True,1019
3,7.946607956267854,22.49122076213096,1.0,0.3511409102046237,0.5598505623378804,0.003493882139585125,0.001704099492579059,0.0034118336574560206,881.9127225409792,4234.715035746803,5589.105999617879,2,8.520696274687849,8.520696274687849,43.644396087479194,0.0,1.1446666666666667,0.000850742596069192,0.425371298034596,1.0,7,True,1019
4,6.514951179994872,22.49122076213096,1.0,0.33398108986982683,0.5037262063493657,0.003493882139585125,0.0017155989823742339,0.0034348818894486934,1034.3517868858967,4487.877490503362,5745.618332370843,1,2.9069451573548983,2.9069451573548983,12.33011965262445,0.0,1.172,0.0008566647495981867,0.42833237479909336,1.0,7,True,1019
5,5.644828083917217,22.49122076213096,1.0,0.32779259526329496,0.4718309376181292,0.003493882139585125,0.001745004835654596,0.0034938210510179995,1176.3694510359094,4594.643300379762,5838.738015263465,0,0.0,0.0,0.0,0.0,1.2013333333333336,0.0008712928596209082,0.4356464298104541,1.0,4,True,1019
6,5.0421692980814,22.49122076213096,1.0,0.32656950670789786,0.45313762935923985,0.003493882139585125,0.0018001074767785455,0.00360427101117077,1321.4047123967205,4705.437100379049,5931.453929214133,0,0.0,0.0,0.0,0.0,1.2246666666666668,0.000898784112233437,0.4493920561167185,1.0,4,True,1019
7,4.558281313646731,22.49122076213096,1.0,0.32777926218492925,0.44035679969390784,0.003493882139585125,0.0018677215559633313,0.0037398098179699676,1470.883625475005,4818.902547624002,6023.334408282703,0,0.0,0.0,0.0,0.0,1.2453333333333332,0.0009325348322626553,0.46626741613132766,1.0,4,True,1019
