scenario,initial_tvl,final_tvl,total_hack_events,total_hack_losses,total_insurance_payouts,final_lp_capital,final_utilization,final_revenue_share,protocol_profit,lp_profit,hack_frequency,loss_ratio
Base Case,132322025.5890987,117201874.56219961,1,34194463.844176866,34194463.844176866,70274355.83124542,0.5893691338504915,0.4587516212508921,90510983.1194987,-20499091.179604396,1.0,1.0
Base Case,112553300.7053861,173177987.92790747,0,0.0,0.0,88114253.9885992,0.39746799347882433,0.5239076405884001,4988188.855596786,8499898.852067143,0.0,0.0
Base Case,115399235.32130057,100625097.40855749,0,0.0,0.0,91108279.92562176,0.3982183702663584,0.3301028684451068,9042732.95032609,5627402.186069053,0.0,0.0
Base Case,132619685.38618633,136135379.14323497,0,0.0,0.0,104703822.02952427,0.39636523859654804,0.3878670757405383,9152028.901936172,7566744.724105002,0.0,0.0
Base Case,195054475.8520515,418600779.21261406,0,0.0,0.0,151907732.4653301,0.3903181263064711,0.44917914115790736,9576599.374706332,12822451.311675277,0.0,0.0
Base Case,83298975.66346093,101075388.71720415,0,0.0,0.0,65876511.54810934,0.4001122063487738,0.4227558206303641,5117527.765913973,5119139.541082609,0.0,0.0
Base Case,183929022.71540025,300151247.1454421,0,0.0,0.0,142524647.09493518,0.3927736039829513,0.3987448057230214,11218567.282087237,10698506.465859856,0.0,0.0
Base Case,61446243.406093575,46448293.13560206,0,0.0,0.0,48594563.648325376,0.40332178281616776,0.3730611347358882,4424193.522575688,3319944.942662709,0.0,0.0
Base Case,181014410.41877243,173597806.889556,1,57050097.36758198,55184819.01130854,85081335.66331193,0.64861251390891,0.6949349585032503,155455518.37385696,-36234946.346315,1.0,0.9673045543769158
Base Case,51556123.08285499,75593574.01516202,0,0.0,0.0,41184270.09240101,0.40391047078428116,0.4391487685611541,2907270.2278817226,3287348.5169415055,0.0,0.0
Base Case,165698096.4900119,263915148.76490605,0,0.0,0.0,130819888.88600309,0.39164353397856516,0.3620156185394925,11132663.044372492,8897592.65200675,0.0,0.0
Base Case,77040453.33151539,71661172.1590856,1,9597782.004812226,9597782.004812226,51329258.896035016,0.4756575427008417,0.37930587033822055,32022862.90274977,-5088030.508631292,1.0,1.0
Base Case,73124426.35695085,40572102.89680152,1,534349.4877613208,534349.4877613208,57495126.175518855,0.40525808343755665,0.3274027080715971,7070400.481524677,3102414.369995444,1.0,1.0
Base Case,166655361.586073,151957702.709062,3,35186282.44132738,35186282.44132738,93953245.54983978,0.5427854463463729,0.40784832999548,144088415.7071687,-36263729.41561213,3.0,1.0
Base Case,127091501.56590353,38006674.779182255,0,0.0,0.0,100339833.89859763,0.3967690938173796,0.3713567024866367,9890579.148358239,6912661.567633292,0.0,0.0
Base Case,177322654.5902868,139072503.00865936,0,0.0,0.0,138097888.42112613,0.3934177799651443,0.3251806307292773,14048474.516407052,8473473.613724764,0.0,0.0
Base Case,83493661.87303083,87083163.00405644,0,0.0,0.0,66030476.594263196,0.4000273450323464,0.4097312688863226,5403739.609416528,4973547.1971821245,0.0,0.0
Base Case,94199750.40306646,93583420.32383844,0,0.0,0.0,75122571.30054547,0.397509157478518,0.6038010451111502,3631974.905003517,8228195.7523624115,0.0,0.0
Base Case,147556136.26093876,169785900.71952704,0,0.0,0.0,116496741.59864251,0.39448183101408113,0.4645850718864458,8366709.014199852,10038547.737242986,0.0,0.0
Base Case,64630040.26241773,39362914.912674904,0,0.0,0.0,51112427.810411565,0.40268397512961895,0.42495883403754076,4300992.431575199,3951556.4358093543,0.0,0.0
Base Case,138219620.16159114,188098621.13187185,0,0.0,0.0,109125526.27498278,0.3946734516690206,0.4358646590142389,8120766.511893229,8836274.425341506,0.0,0.0
Base Case,57308732.12136909,58336831.88401806,0,0.0,0.0,45322466.88645387,0.4043816707975581,0.3374821298028802,4248446.022955115,2819926.916109741,0.0,0.0
Base Case,81269080.60382639,143195350.16447893,0,0.0,0.0,64810682.09389432,0.40045844789284657,0.38238111103697053,5081634.701234611,4592454.72033751,0.0,0.0
Base Case,127594682.57698838,94611084.1625428,1,7240292.825224975,7240292.825224975,93496804.41443221,0.4273210741783913,0.38051874267268276,23581870.319204874,1996632.1518966933,1.0,1.0
Base Case,194002595.5003878,163462319.41011232,0,0.0,0.0,151088535.07914248,0.3905386740294081,0.3760062340419902,13965377.75421214,10638158.242165402,0.0,0.0
Base Case,180518620.4940818,158487766.0428222,0,0.0,0.0,139881973.97646117,0.3935421484698257,0.46610688195195105,10599956.701677714,12139735.235734895,0.0,0.0
Base Case,96190242.89374563,102128120.2734275,0,0.0,0.0,75304246.06140576,0.39876340992614234,0.37895374440163954,6593628.692991177,5281504.274961018,0.0,0.0
Base Case,113858211.57783437,109173453.25880215,0,0.0,0.0,89889731.70998254,0.39862932874018797,0.4202908898567537,7348207.174840204,6998330.58318285,0.0,0.0
Base Case,159352061.34336787,122730831.02477042,1,71686540.95187594,49474007.8824648,76335661.87900919,0.6481113370167709,0.49458703119754965,154711868.7504515,-39868355.427038774,1.0,0.6901436061153698
Base Case,179563997.83551243,159679715.62862816,0,0.0,0.0,139142250.19188303,0.39375747312037024,0.3993359576173672,12152925.006339964,10408950.005107133,0.0,0.0
Base Case,146621530.41025025,117023837.29646698,0,0.0,0.0,115758866.68953604,0.39474394847057304,0.5727833735940234,6594919.872619482,12183998.844987445,0.0,0.0
Base Case,92908073.24907735,51991497.196254686,0,0.0,0.0,74092490.73167339,0.39808262583103304,0.44574250712275154,6043461.22279857,6033361.610746416,0.0,0.0
Base Case,178833390.09395596,248789198.8342914,1,38213748.54880063,38213748.54880063,100362363.89349638,0.5423489240904612,0.4700955244805959,102110600.1754817,-20805996.436927084,1.0,1.0
Base Case,87276519.11565949,89650497.41455187,0,0.0,0.0,69601465.65820998,0.4000564649660495,0.48826732412769747,4774165.246862233,6212190.448060176,0.0,0.0
Base Case,55784252.13221145,53992475.06148651,0,0.0,0.0,44561751.93209883,0.40334574475246315,0.3098912222058093,4446612.067215957,2549331.564812541,0.0,0.0
Base Case,118708242.23361358,125829997.39451404,0,0.0,0.0,92932720.72480522,0.39666572717148935,0.3933420021604712,7930698.216378996,6785230.618989588,0.0,0.0
Base Case,159276078.73935884,123895245.08166718,0,0.0,0.0,125749681.20374608,0.3932644821357308,0.3501660390204827,12232013.552028872,8242139.558592582,0.0,0.0
Base Case,191674490.42859602,166822469.17235157,0,0.0,0.0,149274968.22383502,0.3910319150049145,0.39759931902513307,13172449.25120865,11095733.778767187,0.0,0.0
Base Case,107715967.92751156,199647464.13955548,0,0.0,0.0,84327292.41061322,0.3981050650582032,0.37599117956731065,6667177.215329465,5923518.93839314,0.0,0.0
Base Case,132033373.4218032,121161614.89105198,0,0.0,0.0,104240928.84335566,0.39654887158958746,0.3145652361219944,10582292.216670657,6167439.365350692,0.0,0.0
Base Case,111153054.21204291,96055458.52565716,0,0.0,0.0,87018054.92322701,0.3979884871182767,0.6638595436145186,3465302.1005752906,10511788.486502651,0.0,0.0
Base Case,87638543.56174102,77414435.3363973,0,0.0,0.0,69890171.19597813,0.399920060854547,0.4707175117940834,5115553.880773774,6015899.4827798065,0.0,0.0
Base Case,106181017.82710437,115577613.39792727,1,13003624.477738488,13003624.477738488,70820728.5179394,0.47223843881366645,0.3992443969715054,59899275.856654674,-12057941.878776168,1.0,1.0
Base Case,67258184.95846684,74087968.8787994,0,0.0,0.0,53190861.718597196,0.4022541277257528,0.46312984053823997,3802477.368886556,4486596.494611315,0.0,0.0
Base Case,175226322.29984742,192417189.00073394,0,0.0,0.0,136465283.8144951,0.3927880764596092,0.40915585837735896,11406632.824418174,10436160.817619286,0.0,0.0
Base Case,198351727.02134,202119293.04282486,0,0.0,0.0,153700599.51683792,0.3904743594347177,0.4208697139717014,12611751.976817474,12088978.270481398,0.0,0.0
Base Case,167574852.6208626,203489114.85277605,0,0.0,0.0,129852028.77043796,0.3946671560071227,0.3594865676532819,11795029.026109397,8792538.253243312,0.0,0.0
Base Case,67023270.784047425,89080084.71732976,0,0.0,0.0,53005082.911836386,0.4024012750406878,0.4009008174931278,4230687.661955696,3901041.49573068,0.0,0.0
Base Case,52623540.6396729,65202938.593880825,1,5194724.27626986,5194724.27626986,36842212.17788182,0.45987588469076857,0.42004411792739704,18216695.382572554,-2045364.3400559088,1.0,1.0
Base Case,95144668.37838718,108620740.11058019,0,0.0,0.0,75876503.27398413,0.39791465846457863,0.3697819431186146,6699750.79933034,5192051.586847795,0.0,0.0
Base Case,124190246.83070321,91046849.74805494,0,0.0,0.0,98048781.86730362,0.39656621334869135,0.506138360024229,6852739.107136036,9112387.991197065,0.0,0.0
Base Case,151359712.32553285,89322524.24918766,0,0.0,0.0,119499679.5118541,0.39343445774484526,0.3692222941435401,11498361.367160402,8212881.738067127,0.0,0.0
Base Case,173466551.1064688,257488776.67453462,0,0.0,0.0,134417423.75896406,0.39324415439364807,0.3688994976101333,11543560.103872756,9339158.927953755,0.0,0.0
Base Case,176999361.08152008,177699484.96680516,0,0.0,0.0,137846110.36374772,0.3934926738597089,0.38027051809191964,12371362.770067152,9835468.609715343,0.0,0.0
Base Case,113027445.07111607,94369213.44929709,1,27703230.9418658,27703230.9418658,60782212.41448799,0.5783722216678366,0.45675340953153504,75829566.61470722,-17065791.57115093,1.0,1.0
Base Case,63966243.0007787,49187958.73098165,0,0.0,0.0,50587472.415518194,0.40311877188728523,0.4193242098503984,4213248.240914485,3867067.7830424155,0.0,0.0
Base Case,197628777.5813865,208427762.07616428,0,0.0,0.0,153912581.4432523,0.39089976870223764,0.4186658299690538,12618369.89686266,12054563.092709197,0.0,0.0
Base Case,63102446.435326256,36679131.83406426,0,0.0,0.0,49904350.183279775,0.4036882379630985,0.4449253377152785,4034440.4102437086,4033454.2863626,0.0,0.0
Base Case,104765837.45340408,67806866.25923198,1,12600709.650562217,12600709.650562217,69417039.20195837,0.4700568751609173,0.4192289538805073,26663883.96069856,-870519.6908395323,1.0,1.0
Base Case,188605267.3361638,194739136.31595072,0,0.0,0.0,146148203.8347977,0.39174416485921565,0.5419424328259717,8738971.058968266,14685547.057573374,0.0,0.0
Base Case,95130999.50699282,106377111.43126841,0,0.0,0.0,75865602.63220921,0.3978842945166272,0.4433061097982512,5801451.852229281,6170840.107056038,0.0,0.0
Base Case,173670421.38699228,92166323.4210747,0,0.0,0.0,134575399.9960857,0.393195871212147,0.343521412137282,13668167.624160396,8672873.512511548,0.0,0.0
Base Case,55063206.56348125,64799184.58267302,0,0.0,0.0,44350752.04190755,0.4032637302792598,0.41082514468649695,3530355.528092889,3317650.3434617156,0.0,0.0
Base Case,133091153.37508796,268123880.63714635,1,14968378.064270789,14968378.064270789,90107667.85426927,0.46204357153871506,0.7000159388181323,59840420.18626189,-6794054.140828848,1.0,1.0
Base Case,106864778.81506552,64321842.648521,0,0.0,0.0,84369273.44884422,0.39882182699425417,0.353666764091486,8256485.840396001,5543021.798465097,0.0,0.0
Base Case,82796757.5220809,49933066.38857244,0,0.0,0.0,65479338.89018095,0.3991647958037964,0.38373344754276867,6013723.5372438235,4608660.3654167885,0.0,0.0
Base Case,73143136.71969137,163180696.07882467,0,0.0,0.0,58044323.523390345,0.4015156306558995,0.39367233725357254,4070134.234575992,4235959.245349178,0.0,0.0
Base Case,131877714.49024679,90027534.93134758,0,0.0,0.0,104118036.14601907,0.3965977753109114,0.35646085215425033,10107406.502802096,6924535.876844569,0.0,0.0
Base Case,88905720.4922665,171316452.2123194,0,0.0,0.0,70901071.57981668,0.39933533041387537,0.4226503764194503,4945048.12984482,5543355.67324782,0.0,0.0
Base Case,94437374.25086503,56926061.43816513,0,0.0,0.0,75312227.08294097,0.39740472693711987,0.30158237655484205,8008199.931696366,4225651.660791389,0.0,0.0
Base Case,189122080.79284382,138449487.91624784,0,0.0,0.0,147285308.23655027,0.3915804365005547,0.4834945341919868,10909805.164898526,13216184.325803367,0.0,0.0
Base Case,77836291.2227809,145765975.518039,0,0.0,0.0,61556418.90317406,0.4002973651725515,0.3347622516976539,5185465.671961839,3842968.2710436727,0.0,0.0
Base Case,66010730.33829661,57551801.827712834,0,0.0,0.0,52204328.52452217,0.40179621892377293,0.35060958049114455,4901620.702933912,3365583.4476075307,0.0,0.0
Base Case,146403487.36791185,93745378.35557961,0,0.0,0.0,115586720.87006763,0.39480536584233694,0.5172131776169923,7986581.274415953,11004392.429185921,0.0,0.0
Base Case,80330344.0145362,152356823.69939288,1,21310281.466034733,21310281.466034733,42751781.42612583,0.600775115475054,0.47415691576286045,79697153.73999546,-20862963.540328313,1.0,1.0
Base Case,135341033.01788685,216781870.0661871,0,0.0,0.0,106852870.6678612,0.3955425654019147,0.42996547445206257,7717969.106976399,8561541.469367025,0.0,0.0
Base Case,96624469.9634533,79367664.10071972,1,32741334.43159917,30198511.973533247,45445673.74152331,0.664496958396749,0.5110782103183379,85688875.25495034,-21553860.64641023,1.0,0.9223360164693897
Base Case,187866354.76987725,113781688.27775018,0,0.0,0.0,145575630.79235077,0.39190495582940393,0.4407230067493623,12147787.509965628,11934240.033730747,0.0,0.0
Base Case,57227184.12503565,107768372.16680333,0,0.0,0.0,45257975.71860501,0.4044418665835267,0.5045068943215998,2462287.13968799,4158876.8616390787,0.0,0.0
Base Case,125100218.95105718,129791654.34435873,1,130594535.04566953,39245926.43872758,59521278.247319706,0.6593596037312062,0.6604865849545285,120052580.0168831,-29526016.131313547,1.0,0.30051737176447
Base Case,128287357.47503822,276436247.1297481,0,0.0,0.0,101283966.73235546,0.39638375710633666,0.3796561189453634,7574874.492154802,7226073.628371222,0.0,0.0
Base Case,103312867.67078547,97956868.4565348,0,0.0,0.0,80880274.75400117,0.3984214285643379,0.5351863539869885,4976403.079920804,7914266.292302411,0.0,0.0
Base Case,91283850.47020064,75164083.8163908,0,0.0,0.0,72796582.63166243,0.3982325524337001,0.3620088354600586,6780754.153760916,4865366.381491547,0.0,0.0
Base Case,88556364.06577098,103011909.71459933,0,0.0,0.0,70622467.06689651,0.39949761122356814,0.3818199692260505,6060648.142756433,4982681.582907053,0.0,0.0
Base Case,56906149.044722825,30530953.938724946,0,0.0,0.0,45457937.07777147,0.4025109534454985,0.470533426920019,3475897.8045771057,3854514.5214789556,0.0,0.0
Base Case,143056072.1829884,88332119.5583526,0,0.0,0.0,112943686.43556285,0.3957113358486195,0.6542166442143166,5069811.4828005405,13513353.287520431,0.0,0.0
Base Case,80391043.04433358,123788332.0105513,0,0.0,0.0,64110468.86647896,0.4008952783350716,0.30072860873813917,6164898.669236973,3611539.401995727,0.0,0.0
Base Case,148439627.78494352,196466832.38352433,0,0.0,0.0,117194261.55049288,0.39423572951959274,0.47533391219601695,8042579.226014147,10331007.078214645,0.0,0.0
Base Case,147132657.4029535,123762132.3606569,0,0.0,0.0,116162403.41360526,0.3946003710717491,0.519707902846414,7654108.41027407,11129050.356108319,0.0,0.0
Base Case,124954148.0703251,130016762.86326282,0,0.0,0.0,98651881.75304238,0.3963120783411741,0.46779765907732684,7159468.186485481,8518129.891920835,0.0,0.0
Base Case,72958129.81492203,65075159.50738177,0,0.0,0.0,57698588.66462657,0.4003163798595459,0.452629394574252,4384853.201543825,4753574.723993678,0.0,0.0
Base Case,80150539.41769609,118979981.1796641,0,0.0,0.0,63918673.17528984,0.4010208583229516,0.405214337956946,4980468.615230105,4777993.076716596,0.0,0.0
Base Case,182882074.91564384,255482572.8865775,0,0.0,0.0,141713381.84605432,0.39300737282092413,0.4231207467418159,10888624.633537987,11246391.59592747,0.0,0.0
Base Case,140953150.6664713,190014687.53364584,0,0.0,0.0,111283091.30893469,0.39556287017486813,0.383344801989915,9459413.3042739,7977385.202480868,0.0,0.0
Base Case,157907867.93659377,121503304.83844033,0,0.0,0.0,124669473.51942116,0.3936173215139135,0.40821863524099083,10848258.908322597,9466633.632446518,0.0,0.0
Base Case,84320523.13353518,98987624.5478854,0,0.0,0.0,66684389.02297418,0.39961871223285683,0.36373977009033354,5925099.851536428,4485257.699109514,0.0,0.0
Base Case,82203033.352524,80810701.98347859,0,0.0,0.0,65009799.88497644,0.3986165693240214,0.4575261646358222,4806410.804449719,5426546.318241569,0.0,0.0
Base Case,175541618.63967857,157378063.3413949,0,0.0,0.0,136710833.74911654,0.392714264938289,0.5279162234286363,8767450.73547288,13357373.60321863,0.0,0.0
Base Case,159840087.21032777,133911508.31700732,0,0.0,0.0,126194968.05803326,0.39311918806625157,0.43110552396112595,10334739.827090038,10102297.155731954,0.0,0.0
Base Case,150841783.79461876,207910883.07429767,0,0.0,0.0,119090772.94724147,0.39357537979474816,0.5458853104069858,6519569.261716027,12009046.99532509,0.0,0.0
Base Case,131510741.26864481,172442429.48492154,0,0.0,0.0,103828310.85623306,0.3966750057082363,0.34459601214172036,9502438.011455566,6718843.050147784,0.0,0.0
Base Case,127459794.15536693,169816941.3945451,1,10415743.709633641,10415743.709633641,90214858.6030229,0.4424474194864077,0.4124996842695124,42138916.46253456,-4191096.3316981103,1.0,1.0
Base Case,139652237.74040946,160973449.53599212,0,0.0,0.0,110256583.35639966,0.39592094335016503,0.45508998721257177,8132661.461299539,9312300.847857289,0.0,0.0
Base Case,114816680.84013538,79166228.87448694,0,0.0,0.0,90648353.27175061,0.3984291052935698,0.687959779391005,3434155.4407077413,11341520.326473286,0.0,0.0
Base Case,72188093.65221271,63777151.81501454,0,0.0,0.0,57089615.6223469,0.40076063863367223,0.4162105157419136,4714182.328698572,4340706.176516037,0.0,0.0
Base Case,62560988.58445733,111258935.18737037,0,0.0,0.0,49476145.31358936,0.4025644987985237,0.4109749774401223,3598270.989779607,3732647.237601899,0.0,0.0
Base Case,51284719.66225686,47387580.871134646,0,0.0,0.0,40967469.67935744,0.40413315652298687,0.4141568383670188,3347425.216426502,3078946.6148503046,0.0,0.0
Base Case,74405743.91677023,85225208.77778597,0,0.0,0.0,58843415.37061886,0.40132344210792115,0.3648323467595946,5195093.825694256,3962278.8668135977,0.0,0.0
Base Case,85041670.3975409,224718917.4986872,0,0.0,0.0,67817802.31862435,0.39856932919773624,0.36218910336357013,4822593.901719904,4588916.863058327,0.0,0.0
Base Case,141719076.74750003,253117706.15810722,0,0.0,0.0,111888125.62129699,0.39534404258173445,0.47038889830433334,7052630.599756537,9802527.790921036,0.0,0.0
Base Case,67408829.34576266,101480651.89572896,0,0.0,0.0,53309996.864810474,0.4021600643516637,0.4060966924669473,4109174.4354670662,3976016.8187998584,0.0,0.0
Base Case,141825526.3426428,82979346.3724018,0,0.0,0.0,111972167.80898489,0.3953130123922214,0.41379592496171896,9852314.513298735,8589895.241591338,0.0,0.0
Base Case,106258569.33099277,146838127.24412417,2,28539259.373445448,28539259.373445448,55346316.03120279,0.6046679327939358,0.5320966590138573,94353096.87709731,-23346257.75080474,2.0,1.0
Base Case,177797823.90951324,324526129.4229624,0,0.0,0.0,138467945.98453668,0.39330773405310177,0.5046848072351173,7867686.738945512,13063057.474722657,0.0,0.0
Base Case,72744795.07627201,93912268.66013762,0,0.0,0.0,57529875.6728074,0.4004389390680452,0.32232719625655326,5422412.3896618355,3439968.941543375,0.0,0.0
Base Case,79413846.4609909,161586798.0366286,0,0.0,0.0,63331178.77114763,0.4005473273669812,0.37572342694321,4845408.449789677,4418518.136629632,0.0,0.0
Base Case,106275294.99331684,103740044.38904457,0,0.0,0.0,83903881.89959703,0.3990525062682728,0.41389002276,6951257.759798125,6424015.3370656,0.0,0.0
Base Case,117711668.97221932,330954227.30194086,0,0.0,0.0,92152541.88992952,0.39701546498217416,0.53103194196723,3801889.8454634603,9096204.095851364,0.0,0.0
Base Case,191397735.60400677,110207400.40029848,0,0.0,0.0,149059434.07231122,0.3910909852400009,0.3780000347848196,14152240.113417257,10533644.27806974,0.0,0.0
Base Case,177176562.8843176,171794139.23054338,0,0.0,0.0,137984113.52329928,0.39345167926355695,0.4997035291527126,9516631.878827669,12803570.875204455,0.0,0.0
Base Case,151693332.23128635,340093768.51073635,0,0.0,0.0,119763073.70894006,0.3933439134762603,0.5500879144148156,5313864.00142248,12239140.458848769,0.0,0.0
Base Case,66699624.20078666,75436423.24113744,2,23960139.72280051,21341748.987528875,31407382.250897422,0.6761805421547116,0.5537795549473508,68289458.38217491,-17802373.96884926,2.0,0.8907188870530681
Base Case,73548775.68374999,54683107.85705176,0,0.0,0.0,58366223.78139768,0.4012835737159857,0.32983403590318155,5798095.900759779,3558726.035626065,0.0,0.0
Base Case,154470377.83967924,114637433.64693445,0,0.0,0.0,121955561.88389412,0.3937294972406502,0.3767556526039555,11370136.859074337,8565464.676269088,0.0,0.0
Base Case,65909735.89320991,104590790.50359757,0,0.0,0.0,52124458.386655666,0.40186053268887745,0.43965833792565473,3640857.3933623144,4192523.124622852,0.0,0.0
Base Case,126008901.7249355,228805579.88104442,0,0.0,0.0,99485117.16569413,0.3971240794166525,0.43849898673023385,6880077.755481102,8128362.910994884,0.0,0.0
Base Case,65775819.08265128,51780462.738792196,0,0.0,0.0,52018552.02603574,0.4019459796231506,0.38000790676878904,4679581.154595121,3617749.344309544,0.0,0.0
Base Case,128574997.99320138,125189675.35259748,0,0.0,0.0,101509653.84280887,0.3962888581374344,0.27823799209646244,10875126.981848326,5343329.591102434,0.0,0.0
Base Case,179995556.42755967,228798113.58223835,0,0.0,0.0,139476658.92617267,0.3936615466858173,0.5413180318496648,7951712.988777226,14037920.211333122,0.0,0.0
Base Case,135579743.771811,36470569.1182182,1,57078704.19947905,42331604.77835536,64709728.94665958,0.6541768211276148,0.4374079327808599,67359500.13994136,-12928838.28494306,1.0,0.7416357006006054
Base Case,71244540.36151111,93550511.0040997,0,0.0,0.0,56343418.82560186,0.4013120695060638,0.32569979444977076,5247778.0574246105,3405886.0726792566,0.0,0.0
Base Case,147523040.82076237,201058491.76700884,2,36363763.60633276,36363763.60633276,80106849.015165,0.5735666613403547,0.39316586384900704,150578693.26943144,-40212139.837461986,2.0,1.0
Base Case,167135584.81886992,187996883.6470058,0,0.0,0.0,129511646.27687727,0.39477546322510676,0.5602829406422808,7216414.109674769,13442106.920053378,0.0,0.0
Base Case,112926292.45230584,170271969.00308487,0,0.0,0.0,88406254.86580811,0.39733055229619274,0.4805738695659301,5742504.954410059,7842000.7340071965,0.0,0.0
Base Case,171710543.94628772,199087594.1781341,0,0.0,0.0,133056718.30051395,0.3936625659888923,0.5501146625064979,7572061.272091999,13564880.840771543,0.0,0.0
Base Case,149199341.3674947,159983906.16671216,0,0.0,0.0,117794058.34211251,0.39402608755971863,0.3476400681622704,11107733.543625383,7674178.800602993,0.0,0.0
Base Case,72982390.5349695,97074155.23991834,0,0.0,0.0,58174687.26405633,0.4008336576635995,0.2936868696294553,5734503.76918552,3190481.2189203426,0.0,0.0
Base Case,191577531.2179469,211818846.74042663,1,31748000.552411545,31748000.552411545,117451456.71608351,0.4967570193400106,0.49674668227854557,95033675.901044,-16353057.190663215,1.0,1.0
Base Case,162401339.19780332,188442099.23608306,0,0.0,0.0,128217086.34037125,0.39246651407362143,0.4356660738464877,9928191.979522554,10388583.878273586,0.0,0.0
Base Case,123644358.12856479,125581432.33520815,0,0.0,0.0,97617802.83911313,0.3967428466710564,0.3811245105526834,8668603.21783964,6921552.279083803,0.0,0.0
Base Case,162185827.47445306,325533233.79418445,0,0.0,0.0,128046939.00696722,0.392520999309549,0.4218762337971159,8911347.086406656,10123997.163480084,0.0,0.0
Base Case,187607822.59274733,188709542.4933466,1,93231654.64818978,56981502.16065641,88393795.65322895,0.6446323719845254,0.5533148189884369,176652636.19468912,-44621713.04933482,1.0,0.611181925019742
Base Case,185309228.72187623,428137300.3179296,0,0.0,0.0,143594149.48045155,0.3924668390966808,0.4849940986630994,7825683.89457056,13087442.510553004,0.0,0.0
Base Case,160663244.24759614,262428977.7649064,0,0.0,0.0,126844853.70084974,0.39290814797750234,0.5509363810219716,6462034.926812403,12949050.474340416,0.0,0.0
Base Case,64001608.6970011,58230915.5566847,1,44728857.31356044,20402855.52251863,30212585.39196607,0.6753098173433387,0.5118134440728992,63440493.513968065,-16530490.741820032,1.0,0.4561452437626458
Base Case,92456292.1499815,72378549.75977375,0,0.0,0.0,73731294.02183986,0.39827913677336124,0.31644119919757435,7501632.2683051005,4337979.879207931,0.0,0.0
Base Case,124716415.2868486,113818917.51919559,1,454319.86997244845,454319.86997244845,98009871.89500028,0.39822843368068345,0.37902378278329824,9803309.980387561,6605316.719176225,1.0,1.0
Base Case,105004335.40966645,120793550.6729397,0,0.0,0.0,82204459.71949357,0.39774562992269713,0.36034906543228856,7368128.881259624,5508995.95124636,0.0,0.0
Base Case,136310877.83468524,179290093.9131402,0,0.0,0.0,107618566.87607057,0.3952474274087608,0.3673266910268515,9404921.79944437,7394600.868034177,0.0,0.0
Base Case,182196132.6464993,171542727.4650145,0,0.0,0.0,141181854.7481179,0.3931617902325448,0.3303804239265669,13975033.43746004,8810241.177180564,0.0,0.0
Base Case,186287590.78511754,174238289.0822212,0,0.0,0.0,144352268.59863085,0.3922508556478666,0.3378081708734236,14188219.01278848,9190939.481746262,0.0,0.0
Base Case,165469147.45961604,208975124.50146565,0,0.0,0.0,130639132.7470715,0.39170014757010535,0.4229669543404801,10274648.442839801,10289337.060255323,0.0,0.0
Base Case,192309166.08326703,82912877.22117566,0,0.0,0.0,149769247.87704557,0.3908968055369503,0.39109925756294933,14157823.948589973,10921043.139842078,0.0,0.0
Base Case,72154977.93803383,60623134.58141825,0,0.0,0.0,57063426.49229381,0.40077986139391747,0.45174261870148297,4384803.411700695,4691614.258220406,0.0,0.0
Base Case,126158565.2550892,97280881.84163989,0,0.0,0.0,99603277.09763479,0.3970748043653279,0.4319739879943356,8174589.115283683,7961982.9182392415,0.0,0.0
Base Case,147848948.8696032,102571181.99098614,1,14668207.904290618,14668207.904290618,102059710.37363794,0.4510839870135602,0.5569444814704821,44904968.195749775,-1542348.6623814013,1.0,1.0
Base Case,97042926.2904407,94003194.65881944,0,0.0,0.0,75971779.06145906,0.3992375684962594,0.3799676496771304,6717103.937588485,5344334.244693569,0.0,0.0
Base Case,169610309.7026114,151467645.1892555,1,500903.65142390365,500903.65142390365,130928372.42436728,0.3956773542078717,0.32730179576601504,14447181.662422696,7669149.2512396,1.0,1.0
Base Case,64440401.124523655,66947141.480735436,1,2451333.938912868,2451333.938912868,48511120.23606277,0.4231621154440227,0.38627103994257944,11588372.945472585,1086688.7778846489,1.0,1.0
Base Case,168326956.27747697,186325554.22371063,0,0.0,0.0,130434823.40481174,0.39448244109668773,0.3620660545025974,11968326.968723997,8883621.344567565,0.0,0.0
Base Case,175008923.7201118,263514613.74916518,0,0.0,0.0,136295975.76902434,0.3928390554082836,0.4880692777732497,8715632.967866858,12399463.323527291,0.0,0.0
Base Case,191101040.85262436,135617217.82727087,0,0.0,0.0,148828370.88634628,0.3911544163016245,0.4468413016037583,12037450.59573225,12369657.4031635,0.0,0.0
Base Case,98150012.37638822,138395757.9675767,0,0.0,0.0,76838474.13155681,0.399323196218036,0.39609184265104563,6198313.394513643,5644964.300751856,0.0,0.0
Base Case,153344578.22909793,113008416.18641369,0,0.0,0.0,121066121.05091986,0.39289929253860084,0.44236808327321697,9823798.02595766,9907823.822864935,0.0,0.0
Base Case,103547409.7625084,168760796.722148,0,0.0,0.0,81063888.7269405,0.3983269942226016,0.34748309161439317,7045930.905073583,5266733.832514056,0.0,0.0
Base Case,173933433.34416336,149569131.58854306,0,0.0,0.0,135449527.61410832,0.3930927915800053,0.4339283605280416,11060383.09565175,10946317.8297442,0.0,0.0
Base Case,94660854.53147179,88258964.1170747,0,0.0,0.0,75490447.44758798,0.397306546652597,0.39843891934869496,6453040.573145093,5532995.116054451,0.0,0.0
Base Case,184756857.27123773,187746500.71762612,0,0.0,0.0,143166124.54694372,0.3925893377559618,0.39650927785946505,12333678.634880375,10640393.201902568,0.0,0.0
Base Case,139669812.5741494,234545852.421314,1,14983973.968833346,14983973.968833346,95286484.78631206,0.45817420835390427,0.30565083628647116,90620655.02218896,-20978772.046330646,1.0,1.0
Base Case,150438616.9217622,85136014.5304162,0,0.0,0.0,118772471.15248531,0.3936855103539288,0.3800178780497858,11236020.451410083,8391171.476738393,0.0,0.0
Base Case,57896812.639669724,56092359.85714017,1,20695557.763421375,18495996.42794667,27291546.25582417,0.6777188897459234,0.5067292713428738,57479020.05052325,-15032144.22902048,1.0,0.8937181901247259
Base Case,148661926.7630246,189533265.2778397,0,0.0,0.0,117369767.44757795,0.39417406160175184,0.5100436507091773,7420969.153700579,11070310.003663773,0.0,0.0
Base Case,72410276.66841394,88384483.73578222,0,0.0,0.0,57265326.158905186,0.4006319188598074,0.38606298462108696,4787308.20287024,4063128.14191355,0.0,0.0
Base Case,63988621.9328837,95189956.7987928,0,0.0,0.0,50605170.5016951,0.4031040323418554,0.4670572149595849,3331812.621365698,4314258.566228774,0.0,0.0
Base Case,119005810.05319878,112834634.23901843,1,28786610.599566117,28786610.599566117,64379064.51381631,0.5738823102792258,0.6943603349213939,110281683.07624185,-25998401.958837412,1.0,1.0
Base Case,170313176.97961554,156722710.52816206,0,0.0,0.0,131973918.1262751,0.39399897929666333,0.36978949008339823,12176909.032841286,9157644.645417504,0.0,0.0
Base Case,103615671.69573645,163376360.42614293,0,0.0,0.0,81117328.36614746,0.39829955410756085,0.43403742259189176,5763962.175645062,6520347.801487419,0.0,0.0
Base Case,125424667.2098514,105324620.37788188,0,0.0,0.0,99023356.52565393,0.39730113990414545,0.359365404109561,9382506.117290286,6639168.793827102,0.0,0.0
Base Case,128689437.89908282,131257061.04322658,0,0.0,0.0,101600003.33648898,0.39625200361712226,0.508392726762491,6638739.60419741,9516919.823406503,0.0,0.0
Base Case,192568256.97382078,225827534.9269073,0,0.0,0.0,149971025.51667997,0.3908417918825434,0.4394743988528722,11516274.145688567,12305717.175978536,0.0,0.0
Base Case,134408464.98478508,217803726.91115898,1,39139281.07858771,39139281.07858771,66976782.109310284,0.627133447151854,0.49241907208157143,130360521.45745555,-33797333.67738228,1.0,1.0
Base Case,128603466.40621565,65129020.40384942,0,0.0,0.0,101532129.4528848,0.3962796867124483,0.39036339626854477,9414080.204623712,7345816.454612443,0.0,0.0
Base Case,181485079.3550332,289924664.44763154,0,0.0,0.0,140630869.46919277,0.3933225398468783,0.4501099509674382,9792025.21797391,11865550.27140148,0.0,0.0
Base Case,173503004.42897138,208439884.8501458,0,0.0,0.0,134445670.9301788,0.39323551644905663,0.43462229028688737,10370474.690961394,10913491.63097441,0.0,0.0
Base Case,60268405.005736366,94413653.04439037,0,0.0,0.0,47663085.53247212,0.40413745567667797,0.5472429595166196,2423279.3574932553,4732072.493742665,0.0,0.0
Base Case,69583032.40071246,114899776.430579,0,0.0,0.0,55029436.95480314,0.402302312772443,0.3743983621392646,4458824.458697767,3807748.1070560254,0.0,0.0
Base Case,131404798.90734687,91266266.9084583,0,0.0,0.0,103744669.38181248,0.39670842585923616,0.4221909031047705,8830781.496099701,8114212.194177906,0.0,0.0
Base Case,113006148.75214164,55069022.46273554,0,0.0,0.0,88468771.28820965,0.39730191085198163,0.2500937142840948,10372568.45586645,4187188.879912056,0.0,0.0
Base Case,126796642.62096182,161966768.51892203,0,0.0,0.0,100107041.62896031,0.396865446463219,0.6455110277515106,3875846.6040590797,11842015.281665826,0.0,0.0
Base Case,113406385.36221687,87400858.72028841,0,0.0,0.0,89533022.57785627,0.39830642995291854,0.522727711261755,5902602.38631887,8581289.301990602,0.0,0.0
Base Case,161769172.6207927,199467700.5113575,0,0.0,0.0,127717988.39955671,0.392626564251451,0.4127623392613336,10377354.839071773,9826399.971555991,0.0,0.0
Base Case,131241462.22986184,102532057.67214821,0,0.0,0.0,103615715.10550193,0.39599824985042414,0.3157533032296197,10689823.437436111,6137647.2847819375,0.0,0.0
Base Case,163594952.71874386,153697431.0255635,0,0.0,0.0,129159448.80003637,0.3921661859887558,0.3305263801364643,12758586.63135356,8015339.649494253,0.0,0.0
Base Case,110298301.97021066,141598260.34000096,0,0.0,0.0,86348902.30397339,0.3983067815829559,0.5228840027363424,5112371.585314685,8304726.863728682,0.0,0.0
Base Case,195154776.50845388,356215079.9225378,2,29809218.85369956,29809218.85369956,122176627.0923394,0.4855236551495469,0.41079566249501653,98814245.9290205,-18968888.082911618,2.0,1.0
Base Case,183099149.26041502,242669341.49763447,0,0.0,0.0,141881589.7284124,0.3929593272682279,0.4488006110631036,10333260.951404495,11912836.477103751,0.0,0.0
Base Case,153426391.32431167,170868516.7311552,1,18305576.789016075,18305576.789016075,102825135.68526602,0.4628198864739668,0.38819969798420745,74711571.35791287,-13536965.155462207,1.0,1.0
Base Case,180186013.1260151,226663229.33565578,0,0.0,0.0,139624241.16562092,0.3936180274113331,0.5544951189019747,7696779.487622665,14380085.03265849,0.0,0.0
Base Case,141470238.17951265,88038831.14867257,0,0.0,0.0,111691667.02878909,0.3954166798714515,0.46477076220582847,8760471.559301943,9585518.280297585,0.0,0.0
Base Case,148218754.19512185,95424673.90072496,1,53115.38712028346,53115.38712028346,116966765.61579353,0.39447615606669395,0.46245139742128893,9302941.794300955,9961323.311858548,1.0,1.0
Base Case,192144838.52775055,303001504.41150033,0,0.0,0.0,149641271.06470713,0.3909317402116473,0.42374539341473566,11273169.669718225,11886959.186129266,0.0,0.0
Base Case,67085689.898063496,27458278.41762371,1,4628884.920097096,4628884.920097096,48425561.33283879,0.4408229648630678,0.6244871371183207,13638934.87573095,2002538.7193291057,1.0,1.0
Base Case,83630926.998444,45206253.7931679,0,0.0,0.0,66139030.92595543,0.3999586602649337,0.42027448952838137,5699083.856094466,5083905.644767902,0.0,0.0
Base Case,177185009.0480163,353116386.6655021,0,0.0,0.0,137990691.31911233,0.3934497185646746,0.5034373742692869,7727532.401267786,12996273.993112197,0.0,0.0
Base Case,189583483.3256896,506816414.07820386,0,0.0,0.0,147644639.79771683,0.3914807002443455,0.2957413008209338,12499972.444544686,8387532.819821596,0.0,0.0
Base Case,194039105.80045897,201926607.77353066,0,0.0,0.0,151116969.0567712,0.3905309914672954,0.5062467795159284,10028910.265463643,14202238.475589652,0.0,0.0
Base Case,114098636.4323957,100089391.1849139,1,13247541.841449361,13247541.841449361,76833915.50475267,0.46743185688998173,0.3830742826136458,40401859.80431485,-4999060.1270076595,1.0,1.0
Base Case,125444729.08398849,109124080.81412295,0,0.0,0.0,99039195.37153116,0.39729449726444754,0.36801323141714604,9175310.171092665,6794962.466223747,0.0,0.0
Base Case,66635968.57866787,59245545.180420265,0,0.0,0.0,52698790.02104309,0.4026451244280653,0.4012088102301106,4469510.872879358,3869389.040212296,0.0,0.0
Base Case,176492573.5516137,228753497.35652685,0,0.0,0.0,137451428.82414556,0.3933541392515127,0.4345222317776734,10493275.557393482,11170415.136261493,0.0,0.0
Base Case,64988631.53296581,48072033.67142241,0,0.0,0.0,51396015.03337036,0.40245166978916297,0.6635995858702962,2116152.7844131174,6111759.408251695,0.0,0.0
Base Case,167205211.66671342,176170153.44024724,1,10116317.040627038,10116317.040627038,119449282.10960048,0.4281908731367053,0.5078729019891861,36688896.56802348,2244040.0462449435,1.0,1.0
Base Case,84935245.10410047,220673244.0663375,0,0.0,0.0,67732932.5660679,0.39862150588512685,0.42373875021637997,4167059.257198167,5320741.663506413,0.0,0.0
Base Case,82763980.60886617,51038223.85282355,0,0.0,0.0,65453417.696445465,0.39918131769072573,0.3939651459434434,5874965.030422236,4724976.124801076,0.0,0.0
Base Case,57236604.23564541,20637124.472666733,1,1519116.2641144693,1519116.2641144693,43746309.225935616,0.4184791477229741,0.32446929031672356,7357180.134649418,1750743.9655045122,1.0,1.0
Base Case,73088238.46021639,59171171.73765224,0,0.0,0.0,57998655.31008808,0.401533428531156,0.4505461377857865,4492707.494357034,4762793.953894176,0.0,0.0
Base Case,55338355.24644491,54834321.128286354,0,0.0,0.0,44572914.16428325,0.40308084508548836,0.37464586693750734,3939197.022586955,3048866.2643361697,0.0,0.0
Base Case,65549252.93607297,64443742.57771907,0,0.0,0.0,51839375.14806429,0.40209085363838715,0.40110255551438523,4316555.047085786,3803494.7781668887,0.0,0.0
Base Case,100138053.59489813,115400901.58045112,0,0.0,0.0,78394835.05516014,0.39972242848960654,0.47402339814746564,5463044.208440469,6839542.10019924,0.0,0.0
Base Case,52024010.70662184,63861587.282562494,0,0.0,0.0,41558024.51991368,0.40352921724380897,0.3691718035346915,3586641.4512588046,2804325.0921608675,0.0,0.0
Base Case,104022831.59275357,175874917.13562125,0,0.0,0.0,81436078.17247732,0.39813629649380466,0.5719821033953694,3768122.369103494,8544577.114333853,0.0,0.0
Base Case,131985610.12975204,288092213.4877294,0,0.0,0.0,104203219.73321882,0.39656387071710186,0.439396025728983,6759482.653198851,8560915.344045265,0.0,0.0
Base Case,128904263.91262215,182103913.51919082,0,0.0,0.0,101769606.94987096,0.3961829181497283,0.3788533136286443,8538113.302681485,7204184.277478659,0.0,0.0
Base Case,172307817.6950681,102847666.15881616,0,0.0,0.0,133519537.39862664,0.39351977639339614,0.36108015226109935,13057347.931372344,9030301.532448508,0.0,0.0
Base Case,122215255.11341897,112162818.32811573,1,27489192.594054848,27489192.594054848,68998283.21239631,0.55538293182275,0.4508557351401846,80280684.32186928,-17722449.55778491,1.0,1.0
Base Case,93824851.84847969,97111416.08608551,0,0.0,0.0,74823598.97980306,0.3976748985325106,0.41632937862968966,6118614.320219703,5723206.781486271,0.0,0.0
Base Case,184243589.19314367,200580456.9467264,1,51483245.281023405,51483245.281023405,91285154.99044597,0.614181510961303,0.589577626289,173136209.4862789,-42985335.655474484,1.0,1.0
Base Case,69120718.27878685,61982608.53196676,1,1343184.269468197,1343184.269468197,53320637.60002867,0.4127218441206181,0.39632461693774207,8288438.802587127,2708388.860442508,1.0,1.0
Base Case,113571621.72042917,148289646.76016587,0,0.0,0.0,89663473.87947689,0.39824581158973643,0.5012318345411714,5620111.409273275,8288823.901135705,0.0,0.0
Base Case,64553749.92495122,146414174.65214747,0,0.0,0.0,51052094.59341035,0.40273369496026457,0.27415123493557264,4722632.909739666,2637940.5453036185,0.0,0.0
Base Case,144649997.39086494,96237979.94622336,0,0.0,0.0,114202333.79772112,0.39530096538211024,0.3484438592224367,11277078.417869242,7442040.2247081045,0.0,0.0
Base Case,167224106.124323,77071500.01544723,0,0.0,0.0,129580240.20191957,0.39475361186461366,0.3712534888818485,12614116.314898808,9000020.025313059,0.0,0.0
Base Case,99064448.97567019,106009366.47166912,0,0.0,0.0,77554351.33620647,0.4001694180332548,0.40722400556770055,6387812.073144883,5846867.818185201,0.0,0.0
Base Case,72420370.00718355,75953772.80595228,0,0.0,0.0,57273308.34404784,0.40062608173477887,0.5801700321254637,2959133.7302893465,6003755.032373555,0.0,0.0
Base Case,54645101.52050202,66766922.593664,0,0.0,0.0,44013993.16919777,0.40347355377979044,0.39608986967409615,3593635.984938169,3180978.1867374163,0.0,0.0
Base Case,189588215.4756111,131883887.7885391,1,76806390.25488915,57801318.878833815,89847006.22769238,0.6433304937545984,0.5649644261126451,168689527.78652802,-41446997.812557355,1.0,0.7525587218331022
Base Case,61679872.25754023,51617349.213450745,0,0.0,0.0,48779325.97420003,0.40316182080435536,0.41517210176803604,4067088.6909453534,3690266.3476864435,0.0,0.0
Base Case,198171298.550289,98938847.54053167,0,0.0,0.0,153560788.0109477,0.3905115094837859,0.42609338585404966,13419529.879808255,12174568.486141576,0.0,0.0
Base Case,59800775.494671285,73281996.27430597,0,0.0,0.0,47293266.84108613,0.40446664949292843,0.47244618030524227,3209892.106951342,4066544.695152469,0.0,0.0
Base Case,96474686.49890529,94343907.0987913,0,0.0,0.0,75526926.00783621,0.3986403448954476,0.2877719936172333,7888233.016792874,4078436.219546036,0.0,0.0
Base Case,94025981.01726863,153833526.30924892,0,0.0,0.0,74983994.51514487,0.39758588943193873,0.306314299217539,7046705.069218624,4301763.286983344,0.0,0.0
Base Case,142242113.44653594,137387433.14109886,1,21363664.371139538,21363664.371139538,90937399.86555637,0.48803311321931747,0.44649582028332935,62029174.091253385,-9613951.269660985,1.0,1.0
Base Case,152702968.06576866,231881961.47642273,0,0.0,0.0,120560185.07845531,0.39307139836129074,0.25944139155658086,12667558.644529192,5965899.076304547,0.0,0.0
Base Case,81145305.3803149,66409155.4730255,0,0.0,0.0,64711974.41585478,0.4005222579135131,0.37328815660399345,5881788.141481485,4450623.267477535,0.0,0.0
Base Case,93601649.60260691,52309895.76060114,0,0.0,0.0,74645600.71166609,0.3977737501748467,0.2887223691152843,8159633.682206635,4019158.5490627675,0.0,0.0
Base Case,186028080.0011495,81021945.26329583,0,0.0,0.0,144151177.31137463,0.392308023010428,0.45800784508585535,11850852.983833391,12253097.289609365,0.0,0.0
Base Case,121947393.26506387,231276255.10182476,0,0.0,0.0,96276003.42137516,0.39714184577633854,0.45866012199636874,6181967.810952892,8210564.2389786765,0.0,0.0
Base Case,104927048.6917191,99887833.59185654,0,0.0,0.0,82143954.92381485,0.3977762456773049,0.3708967493097858,7459442.210487344,5647618.85315592,0.0,0.0
Base Case,153797992.826659,101451030.05560811,0,0.0,0.0,121424091.79085049,0.39277804431761015,0.36496546154530374,11646617.819997484,8254728.287983423,0.0,0.0
Base Case,127540490.0792327,150874812.15379527,0,0.0,0.0,100694312.05451602,0.3966257744593646,0.3795079642979581,8739939.304282341,7128421.61012936,0.0,0.0
Base Case,82216901.43145819,52265095.57274258,0,0.0,0.0,65020767.27407855,0.39860954020642414,0.38570193470973907,5916129.834473279,4594933.572072359,0.0,0.0
Base Case,145641684.3729468,241524105.37790775,0,0.0,0.0,114985274.47932145,0.3950187253290491,0.4603946693101926,7622395.250167096,9863953.83359937,0.0,0.0
Base Case,50811999.501174696,124185280.54704149,0,0.0,0.0,40589854.9611981,0.40452376306488674,0.2788522080186294,3569255.1810162524,2124065.149511914,0.0,0.0
Base Case,89308980.6859021,107440374.01537235,0,0.0,0.0,71222663.23036952,0.3991464580053781,0.4493573951091576,5224302.868329906,5873848.680406041,0.0,0.0
Base Case,126809269.08940269,212181299.46296793,0,0.0,0.0,100117010.2742949,0.39686131537446706,0.5090756655093402,5778158.2831645515,9437687.264459444,0.0,0.0
Base Case,119590477.65289514,95928361.37566593,0,0.0,0.0,93623388.8654878,0.3963593107748591,0.3652309481660033,8772842.218786372,6352893.257026782,0.0,0.0
Base Case,56867570.24496457,30362134.68272665,0,0.0,0.0,45427119.854820184,0.4025394879970307,0.46663249561874487,3507008.625820554,3821156.0425415626,0.0,0.0
Base Case,189473970.3617256,195107191.5612829,0,0.0,0.0,147559353.17376515,0.39150434816067875,0.3741541439493907,13346846.980955034,10362618.952841077,0.0,0.0
Base Case,62694079.46220285,51102749.55000956,0,0.0,0.0,49581398.49603107,0.4033407634639535,0.41486152574892093,4114338.4904913064,3752691.013250771,0.0,0.0
Base Case,153532986.2002254,103770493.06671947,0,0.0,0.0,121214869.10886976,0.39284886208266623,0.34470458489605177,12017574.862707596,7805007.509481601,0.0,0.0
Base Case,64491760.79850577,84455499.34989332,0,0.0,0.0,51003071.30236526,0.40277414223732305,0.5425974582185396,2800488.000838363,5014983.111876881,0.0,0.0
Base Case,170140388.58522242,220236388.90449366,0,0.0,0.0,131840026.80923556,0.39404078943982124,0.43842904873277583,9975812.699699678,10802837.268614473,0.0,0.0
Base Case,108822942.62607801,80118270.50924115,0,0.0,0.0,85193900.27981913,0.3976797924361687,0.46513128923110353,6507156.799425045,7275932.156475462,0.0,0.0
Base Case,135992567.8807023,142464078.2147195,0,0.0,0.0,107367259.94471571,0.395344037413062,0.3617422958045994,9864137.357489668,7254628.807315368,0.0,0.0
Base Case,166469890.02617493,253677740.89349547,0,0.0,0.0,131429222.84740055,0.3914533225822188,0.44142551092204263,9486037.570773553,10806800.798405174,0.0,0.0
Base Case,128288425.20853017,273625545.20697737,1,1570695.7600457305,1570695.7600457305,99714113.95200297,0.4026272399110347,0.29321476262743973,17391348.903200068,2849884.6663769037,1.0,1.0
Base Case,61949609.65608867,68592250.12486757,0,0.0,0.0,48992644.272957206,0.4029779660488035,0.5568522765753322,2684724.4524966828,4925916.605769677,0.0,0.0
Base Case,76494555.51407862,61845930.64047741,0,0.0,0.0,60495324.74158449,0.4010255842373995,0.439282091650594,4808058.990855966,4853253.4343766365,0.0,0.0
Base Case,72346750.01573913,66590939.443904154,0,0.0,0.0,57215086.93532236,0.4006686778883536,0.4631931208652657,4225445.105703825,4821273.529800201,0.0,0.0
Base Case,88747740.59567067,67855429.39153963,0,0.0,0.0,70775085.88496694,0.3994074694709695,0.352667801647837,6771999.499918785,4615447.874952681,0.0,0.0
Base Case,154118742.4783933,152186025.9392471,0,0.0,0.0,121677688.77769265,0.3938111844219575,0.4545202055914783,9256430.342443457,10256993.978989981,0.0,0.0
Base Case,145832712.1109323,137394865.25994277,0,0.0,0.0,115136091.61223264,0.39496661880188,0.44212450101111933,9057289.721391717,9444221.49233977,0.0,0.0
Base Case,87158080.28878953,78949733.64252767,1,6421632.808060043,6421632.808060043,63085380.8163875,0.44084187802029917,0.5059818371182399,22047718.903216086,251386.48790556425,1.0,1.0
Base Case,60909285.40652001,58318586.228304446,0,0.0,0.0,48169917.42726192,0.40369198979518045,0.4440093370305244,3665821.7194901686,3892730.6628567474,0.0,0.0
Base Case,92374311.25388491,48859092.152248405,1,4069530.9185980037,4069530.9185980037,69596386.17623487,0.42160693013882744,0.4282192500964597,14316210.367428098,2875427.404008503,1.0,1.0
Base Case,115598296.9474246,269068226.92683816,0,0.0,0.0,91264298.18750432,0.39813632777946634,0.36021483859352815,7032424.649155542,6189918.436895676,0.0,0.0
Base Case,194566816.06098488,199993388.09602866,0,0.0,0.0,151527946.27999192,0.390420281254749,0.3769878909896647,13619965.165374901,10710970.437145732,0.0,0.0
Base Case,122675823.45196518,168810364.2456014,0,0.0,0.0,96853144.89317188,0.39706913780789055,0.37351159187601635,8255687.2300555175,6758756.829576412,0.0,0.0
Base Case,79373413.50509056,129716922.56632192,0,0.0,0.0,63298934.48929565,0.4005686515245307,0.3791701256782458,5090160.033503854,4442127.533897795,0.0,0.0
Base Case,137868131.39570495,155692037.993278,0,0.0,0.0,108848024.54418452,0.39477851792965185,0.5723998078349811,5820934.373600229,11447573.228570253,0.0,0.0
Base Case,69988422.33647738,105948128.6758468,0,0.0,0.0,55350034.29093828,0.4020580941182448,0.4867989559343252,3461777.6973109716,4918829.263522603,0.0,0.0
Base Case,118165949.70220076,84613872.83393756,0,0.0,0.0,92508180.78207432,0.396855635528647,0.41998689874645856,7867226.016434885,7172858.372103359,0.0,0.0
Base Case,105263942.9660688,104448970.15565385,0,0.0,0.0,82407696.47962452,0.39764297293222767,0.37454097723819657,7394379.843601585,5719911.191010646,0.0,0.0
Base Case,139612268.86097634,94929383.91025555,0,0.0,0.0,110225027.77255958,0.3959327907893207,0.42747998895946693,9344058.808118887,8731813.330427714,0.0,0.0
Base Case,176881645.3405521,143478075.77078855,0,0.0,0.0,137754434.41053465,0.3935200414611445,0.4339727943681228,11280151.221978184,11147103.32506657,0.0,0.0
Base Case,87860333.86393844,36406469.33739356,1,8661115.068089029,8661115.068089029,61406282.33169272,0.45622134545928106,0.43410216976111865,16049852.435457926,1751042.5292280049,1.0,1.0
Base Case,71753590.0249243,44121610.45662151,0,0.0,0.0,56745994.10350758,0.401013507925912,0.40298361792777726,4994674.841654308,4175696.789778484,0.0,0.0
Base Case,71672784.66285019,71091945.0510083,0,0.0,0.0,56682090.238263585,0.40106074441237893,0.48127243603728687,3925598.332235385,4961138.409308424,0.0,0.0
Base Case,132990449.6998425,200428699.2650974,0,0.0,0.0,104996540.38577764,0.3962555200124838,0.47000333361212987,6993020.296433904,9160963.221322095,0.0,0.0
Base Case,159069728.5184043,115605912.41893572,0,0.0,0.0,125586766.91167444,0.3933177819994083,0.5194428151405539,8495828.380809773,12027582.12198386,0.0,0.0
Base Case,91011887.54084653,76255859.92272605,0,0.0,0.0,72578802.59666675,0.3983478301156625,0.43875850038336695,5770648.53872085,5831118.039651472,0.0,0.0
Base Case,64747931.13248061,40600068.87050742,0,0.0,0.0,51205660.265296005,0.40260727079090686,0.3586889413204771,4875386.674132741,3369405.7127399147,0.0,0.0
Base Case,87694305.55301097,95684212.72751394,0,0.0,0.0,69934640.00423366,0.39989347050108603,0.3890819622290132,5984180.419493841,5021664.744866743,0.0,0.0
Base Case,172360673.97123092,101174991.31029782,0,0.0,0.0,133560494.98987055,0.39350715923325263,0.391616330476943,12318265.565954013,9764116.62172772,0.0,0.0
Base Case,150203804.33217576,94868421.6040307,0,0.0,0.0,118587085.71104977,0.39374980295535444,0.3402560979718739,11926230.087009143,7543931.682119964,0.0,0.0
Base Case,143323000.58392936,56546496.55793176,0,0.0,0.0,113154426.990668,0.39567217276572536,0.34943487480625296,11517351.241322003,7380663.130396671,0.0,0.0
Base Case,95700669.45159422,59453007.0015753,0,0.0,0.0,76319902.61184035,0.3988488261548333,0.3802769310345189,7060017.0884040315,5352328.656450015,0.0,0.0
Base Case,192439358.4297442,199040361.50235572,0,0.0,0.0,149870640.49766025,0.3908691511252766,0.5393914023852567,9111731.099384688,14978445.497985572,0.0,0.0
Base Case,153154877.87577564,114979678.09006298,0,0.0,0.0,120916352.65746903,0.39295013811094626,0.44204817091189696,9831128.778721336,9888315.270527633,0.0,0.0
Base Case,94933249.2291509,60393611.32012244,0,0.0,0.0,75707675.93064018,0.3971872226903822,0.440772924256733,6176300.298007556,6098880.016843668,0.0,0.0
Base Case,117668385.30500822,235401941.7087408,0,0.0,0.0,92118656.77343877,0.39703072899832,0.27877103549340293,8690669.753363067,4886659.955271292,0.0,0.0
Base Case,100591999.79183723,74560172.42421556,0,0.0,0.0,78750212.05426677,0.3995334804084119,0.3191154350815582,8030454.593360371,4693940.015813578,0.0,0.0
Base Case,145442181.8233112,62629410.33793976,0,0.0,0.0,114827766.45005924,0.39507533405622236,0.5323686514577441,7889502.249290353,11227410.37174383,0.0,0.0
Base Case,162522263.5140993,122951618.17056496,0,0.0,0.0,128312556.55257882,0.3924359771981858,0.44306029374472583,10360686.116631588,10535329.116451392,0.0,0.0
Base Case,112509892.14809002,71676404.23080418,0,0.0,0.0,88080271.1004696,0.3974840214735637,0.42969979597962943,7388399.551615517,6972063.803689698,0.0,0.0
Base Case,73274973.17326574,136885237.08170608,0,0.0,0.0,58148944.115050845,0.4014400544010197,0.34492636966926393,4849928.292357235,3730921.6248762263,0.0,0.0
Base Case,93512680.91246161,50160880.940290146,1,29860902.90121169,29666787.329997648,44907863.05273087,0.6606145408246851,0.5497948980534985,53186380.14332523,-10518167.044983687,1.0,0.9934993401955651
Base Case,98094649.20533699,105975393.77007,0,0.0,0.0,76795132.43661174,0.39879029785657827,0.4226720810886777,6140964.009769354,5983288.16844262,0.0,0.0
Base Case,167669436.65248856,134256450.92232266,0,0.0,0.0,129925320.6174384,0.3946438761066946,0.3543476872204708,12551435.326643836,8650747.888955846,0.0,0.0
Base Case,168192789.21878478,177133972.4319664,0,0.0,0.0,130330859.22217834,0.3945153253298483,0.4247463613719473,10446270.30899726,10347894.981386969,0.0,0.0
Base Case,172777902.6654498,143488143.94064894,0,0.0,0.0,133883799.68618348,0.3934077136062441,0.41470273850569217,11426173.869614657,10358757.2481999,0.0,0.0
Base Case,118180891.5309027,59667497.518069714,0,0.0,0.0,92519878.16445372,0.396850390082968,0.35439411031220586,9159638.164671859,6089332.496563068,0.0,0.0
Base Case,82509031.90098646,111370171.27160253,0,0.0,0.0,65251794.840557106,0.3984617757285512,0.3700668033727154,5544123.6976485485,4457350.050659965,0.0,0.0
Base Case,74830943.64252621,88784847.929506,0,0.0,0.0,59179679.02044415,0.4010877417128601,0.3957277135659146,4882379.594397489,4305998.146212914,0.0,0.0
Base Case,187531037.2239451,254710635.34539473,0,0.0,0.0,145315797.9024798,0.39197815312659195,0.36427480187312716,12777476.735486858,9977390.645238914,0.0,0.0
Base Case,142501873.68290505,69544851.58197413,0,0.0,0.0,112506145.51022734,0.39511645531023426,0.49780408961100153,8350761.137529005,10304728.457048664,0.0,0.0
Base Case,174585562.0642848,116742518.9910947,0,0.0,0.0,135964542.53454202,0.39293863830389003,0.33838519060082395,13752782.944707712,8642572.269271387,0.0,0.0
Base Case,95652547.0996005,99562624.24772108,0,0.0,0.0,76281526.03302005,0.39886979739794476,0.450390001668395,5741374.872879441,6310559.817591873,0.0,0.0
Base Case,138009229.03788432,105531092.41377066,0,0.0,0.0,108959421.67466636,0.39473630582316194,0.3965461051758459,9727942.368949078,8016968.791191351,0.0,0.0
Base Case,199766675.83447742,207544349.5650741,0,0.0,0.0,154797023.61869922,0.391308002876745,0.3922630974024186,13423778.40194565,11399697.970222017,0.0,0.0
Base Case,157153097.8122244,121863938.45654571,0,0.0,0.0,124073579.60702477,0.393814522813693,0.37172608953239644,11584798.228835689,8614107.144188033,0.0,0.0
Base Case,182892191.1884112,183550273.35103658,0,0.0,0.0,141721220.80473617,0.39300510026302243,0.40189187954678185,12101041.476465572,10671888.492303919,0.0,0.0
Base Case,111886159.12261926,108264059.64519644,0,0.0,0.0,87591974.53067756,0.39771508310083253,0.33722855049416145,8430389.13259598,5515691.289202488,0.0,0.0
Base Case,196008271.31300753,323669924.9843441,0,0.0,0.0,152650541.9943197,0.3912362094061898,0.40388488468086936,11815098.723667577,11604023.332065158,0.0,0.0
Base Case,59047507.0348111,69289884.70097554,0,0.0,0.0,46697554.31761138,0.4049995870824618,0.4328082365774822,3551992.2357029384,3690308.150312707,0.0,0.0
Base Case,189160191.54345086,661893019.6837783,0,0.0,0.0,147314988.16792902,0.39157218834592333,0.38780583395150336,8550620.577317856,10910020.045586534,0.0,0.0
Base Case,127928280.20143513,150047639.93217686,0,0.0,0.0,101000473.84556592,0.39649991889133523,0.3241399518236257,9810439.711000774,6150297.125711812,0.0,0.0
Base Case,117193786.31576833,88188713.8676761,0,0.0,0.0,92525271.98985977,0.39758757371122116,0.33025122718427513,9285569.499158867,5710454.6296137,0.0,0.0
Base Case,86389424.79302211,132648023.00221772,2,18607160.668095984,18607160.668095984,50286869.21819262,0.547562729349987,0.4303213111251041,61736440.85439637,-14415723.017352138,2.0,1.0
Base Case,136073549.28329375,258981331.02943942,0,0.0,0.0,107431195.07312568,0.39531943514165735,0.3765612208796732,8421885.817044439,7594599.973023293,0.0,0.0
Base Case,124367220.17441341,81712796.14208749,0,0.0,0.0,98188502.28904723,0.3965071844115272,0.43494058737442653,8147316.123333754,7882055.500145465,0.0,0.0
Base Case,192000773.40231937,359676182.77313036,0,0.0,0.0,149529074.44945368,0.3909623944193215,0.37717285335573625,11981813.688754508,10643415.206457436,0.0,0.0
Base Case,187726249.2012705,335719400.34657556,0,0.0,0.0,145467064.94120535,0.3919355222565461,0.3189639308860217,13234978.119794676,8825534.337614814,0.0,0.0
Base Case,131493663.05378518,108768651.41665426,0,0.0,0.0,103814827.60879707,0.3966803911223852,0.34817310413054325,10030674.830882072,6759782.050975218,0.0,0.0
Base Case,85720485.01793487,106313232.9646594,0,0.0,0.0,68360566.96799281,0.3997284698151895,0.6046213813792396,3091043.881811763,7507310.8122500535,0.0,0.0
Base Case,164077459.30396438,133717719.81654613,0,0.0,0.0,129540389.60246189,0.3920454675463843,0.4955132862401945,9190155.858164951,11851537.184288388,0.0,0.0
Base Case,116059854.74477807,144129251.10602129,0,0.0,0.0,91628693.42695338,0.3979705146077198,0.3907158184351103,7727369.682105724,6661568.870742487,0.0,0.0
Base Case,169986019.04679537,193918265.2206607,1,144420293.09419566,51908138.97231049,79812269.03449693,0.6503779381322243,0.5576323462541931,160563547.3443051,-40640355.86231969,1.0,0.35942413534955436
Base Case,67630251.72556163,64791049.92711419,0,0.0,0.0,53485105.862004265,0.4020222272963564,0.45085205363678144,4039431.9790472058,4390663.497919644,0.0,0.0
Base Case,145662096.60332552,54560663.14366064,0,0.0,0.0,115001390.01361243,0.39501293820135563,0.40373225179239586,10613531.060901536,8607490.02066603,0.0,0.0
Base Case,92212985.77272846,33907483.545345515,0,0.0,0.0,73537265.60761927,0.39836333217355696,0.3271285688716815,7698184.354284668,4451182.611665774,0.0,0.0
Base Case,89775035.50556415,77721704.3768313,0,0.0,0.0,70998018.89414747,0.39760041564708026,0.43840329056536953,5612708.958666436,5692113.7527144095,0.0,0.0
Base Case,59755159.526289366,42679029.50683537,0,0.0,0.0,47257192.04825518,0.40449891353519796,0.5400114830343183,2943434.98158002,4602667.443975037,0.0,0.0
Base Case,61258404.5318204,49095548.52694244,0,0.0,0.0,48446013.72786183,0.4034508810498976,0.535586057798942,3028141.3934728666,4680345.9360246435,0.0,0.0
Base Case,97082875.28477174,98336686.34008265,0,0.0,0.0,76003053.59094828,0.3992203918856064,0.32828629510322893,7349305.455513125,4655208.196139863,0.0,0.0
Base Case,105639011.44499147,64192510.00642661,0,0.0,0.0,83396470.4308471,0.39875305045789233,0.334930829847885,8421567.092420006,5200711.880275268,0.0,0.0
Base Case,139042929.52342325,140236748.74681687,0,0.0,0.0,109775532.1786274,0.3955601618855819,0.4558749242721327,8282830.037151547,9269595.626533436,0.0,0.0
Base Case,89969319.48323089,127316378.52242665,0,0.0,0.0,71151665.84045401,0.39751057551007546,0.3332563021958447,6517145.783116348,4406499.700643193,0.0,0.0
Base Case,90928670.43526624,148490021.7309427,0,0.0,0.0,72512440.41028465,0.39838592423971364,0.5932445257360958,3170183.067031677,7838455.816185202,0.0,0.0
Base Case,82107442.91157617,81046566.55553277,0,0.0,0.0,64934203.43320456,0.3986650555576008,0.4427865639782696,5017608.054375559,5249937.670478001,0.0,0.0
Base Case,114819679.90299916,84595874.63052186,0,0.0,0.0,90650721.03132036,0.39842801738166894,0.4474679348749102,7271561.651903586,7479642.731958847,0.0,0.0
Base Case,51689865.55840531,42042267.18181746,1,2788237.301421536,2788237.301421536,38502867.93652363,0.43304290678299934,0.3383140958909733,10776788.88251567,161691.41020010423,1.0,1.0
Base Case,180940208.06355745,265077266.9034055,0,0.0,0.0,140208656.30441996,0.393446191754126,0.3677983397700128,12100435.352336971,9732061.02270658,0.0,0.0
Base Case,115427003.76348521,125164177.93043914,0,0.0,0.0,91130203.10553046,0.39820835458116044,0.430507509442803,7137732.930275405,7266820.477709062,0.0,0.0
Base Case,159721516.94550303,180303487.25274277,0,0.0,0.0,126101356.37850457,0.39314968586268134,0.3318295494571172,12193838.01114166,7870250.553037694,0.0,0.0
Base Case,84684421.8062351,144444816.16197,0,0.0,0.0,67532911.40063749,0.39874476214912424,0.6031724520083742,2692188.315507293,7412176.061554728,0.0,0.0
Base Case,123045054.84319834,68585131.80919763,0,0.0,0.0,97144653.00745912,0.3969444123905863,0.4345380980247488,8201612.530043965,7786525.205592486,0.0,0.0
Base Case,158489674.81745106,157134649.01564652,0,0.0,0.0,125128812.28668205,0.39346801877393994,0.3669433670061516,11566741.194324724,8587974.73122705,0.0,0.0
Base Case,157041872.5246879,193434235.6072363,0,0.0,0.0,123985766.81527852,0.3938436714299156,0.5527075104980933,6922853.17092042,12661022.055371124,0.0,0.0
Base Case,181841837.67125496,136972608.4766435,1,30039.59962785525,30039.59962785525,140877276.91331184,0.3933256517031052,0.39367711691781127,12707749.915838797,10363954.992665313,1.0,1.0
Base Case,124666729.54279855,109716376.59341455,0,0.0,0.0,98424964.87934253,0.39640749499927114,0.4262414064244826,8054796.687434457,7761858.250780266,0.0,0.0
Base Case,66529836.47451514,44044144.959953696,0,0.0,0.0,52614856.832604215,0.40270907435491266,0.3763648368482846,4837244.385493417,3628715.119904734,0.0,0.0
Base Case,52392661.183923095,85553792.73110412,0,0.0,0.0,41852507.08601948,0.40323185991989113,0.42102517318980337,3002282.2846109765,3211571.147394198,0.0,0.0
Base Case,65811118.62226418,182155434.97329694,0,0.0,0.0,52046468.20591164,0.401923437770856,0.4963275292234467,2401199.2729431586,4744913.517803749,0.0,0.0
Base Case,113785421.59810252,126094206.81137827,0,0.0,0.0,89832265.25584565,0.3986558950787656,0.39402116510272184,7626866.519967793,6581135.61268574,0.0,0.0
Base Case,191218361.5210445,156609236.95833102,0,0.0,0.0,148919739.16063622,0.39112932104973197,0.37368740736750206,13883669.237122476,10425174.095172925,0.0,0.0
Base Case,65726378.96718056,89332718.38698556,1,11322864.185962064,11322864.185962064,40656588.77046253,0.5139283699461483,0.5252569525677131,50004261.1879765,-11386628.22614745,1.0,1.0
Base Case,63606896.79529435,44983475.32942147,0,0.0,0.0,50303288.16212483,0.4033561435246223,0.41581696469238383,4249766.632328078,3813765.111070361,0.0,0.0
Base Case,112273896.59685133,150245598.1279052,0,0.0,0.0,87895519.27003853,0.3975712791579484,0.3876289920489343,7338001.484881086,6335248.901846327,0.0,0.0
Base Case,147499903.719087,90938082.95159115,0,0.0,0.0,116452345.79085131,0.39449754995819386,0.37331013299429777,11060284.095955834,8096962.378731386,0.0,0.0
Base Case,104869207.47914176,61841234.02838497,0,0.0,0.0,82098673.26557203,0.3977991747414616,0.4301469622054073,6925876.3106186185,6488107.8911184855,0.0,0.0
Base Case,150613627.7853719,150757082.82691294,0,0.0,0.0,118910642.90155311,0.39363766374573694,0.39355251928545837,10319934.314692482,8717138.519457862,0.0,0.0
Base Case,84478052.69890082,72094347.81169899,0,0.0,0.0,67362437.52372602,0.3988537531037927,0.3780278438362743,6047225.133048236,4684338.24084277,0.0,0.0
Base Case,154149774.28897104,127033720.8794763,0,0.0,0.0,121702188.45986962,0.39380289609554403,0.37735363291913615,11179749.60124773,8567857.134074718,0.0,0.0
Base Case,70342843.52451867,73085663.60529403,0,0.0,0.0,55630323.65860964,0.40184585709766124,0.3448209757370588,5180316.744455361,3543170.6981055327,0.0,0.0
Base Case,80476313.64803998,120729796.78410223,0,0.0,0.0,64178470.06298746,0.4008508535354837,0.45209461393716777,4428441.034946424,5329458.389250159,0.0,0.0
Base Case,110625777.37480412,86761261.25993106,0,0.0,0.0,86605270.18930952,0.3981833622452905,0.36481732271245587,8140646.645752725,5869409.769634115,0.0,0.0
Base Case,67772621.24827291,89305865.88882391,0,0.0,0.0,53597696.939634115,0.4025078387983273,0.42999514584288984,3998505.7327947766,4220518.79415568,0.0,0.0
Base Case,139148625.15680733,256230739.70336798,0,0.0,0.0,109858979.28717996,0.39552874149249523,0.3108948187928775,10012445.233558161,6474452.114316316,0.0,0.0
Base Case,170606019.3085618,147296191.4419817,1,138424.9860884303,138424.9860884303,132062412.57679157,0.3943411333153714,0.39954712106051826,11830912.672743112,9774599.126606017,1.0,1.0
Base Case,80741526.64273511,81287159.97345325,0,0.0,0.0,64389970.86379062,0.40071923353001715,0.38521247817504145,5593477.4060058165,4569385.380495607,0.0,0.0
Base Case,137795337.76081076,148129538.81038848,1,64201.98146398771,64201.98146398771,108726351.70835823,0.39503344043632554,0.3253548844469014,10896148.113734284,6561954.062699821,1.0,1.0
Base Case,163096880.38557112,193496205.9084608,0,0.0,0.0,128766218.77981178,0.392291212016162,0.6124448569439752,5790774.725463391,14520617.208885638,0.0,0.0
Base Case,115987414.07323964,99982679.49708048,0,0.0,0.0,91571502.24525857,0.3979964904553805,0.347254903655588,8788422.874620633,5934580.743433112,0.0,0.0
Base Case,167839678.14012113,153785218.8072161,0,0.0,0.0,130057238.3719494,0.3946020112158476,0.500230525158551,8982293.536560208,12073575.345166022,0.0,0.0
Base Case,62453730.23767682,39907240.46291215,0,0.0,0.0,49391321.45087751,0.40263671252542677,0.31842704078753714,5061618.841814918,2899773.045279246,0.0,0.0
Base Case,160730447.21956107,87244440.51550435,0,0.0,0.0,126897910.70535468,0.3928909713083739,0.39182916015540753,11757647.77368161,9243671.825899107,0.0,0.0
Base Case,138797134.67140907,91886661.66809127,0,0.0,0.0,109581476.19882032,0.39558302225389175,0.31373766802894965,11515024.265852636,6454903.045700404,0.0,0.0
Base Case,100255760.95199855,179027535.5282059,0,0.0,0.0,78486983.61289929,0.3996733439123462,0.32686941502270034,6920803.88810036,4824166.571201658,0.0,0.0
Base Case,93682013.21356219,58624857.27242976,0,0.0,0.0,74709688.70287487,0.39773806655911165,0.42935417752927596,6260438.8220604025,5869854.883685854,0.0,0.0
Base Case,184587751.67002308,258222315.87524453,0,0.0,0.0,143035086.97497645,0.39262692096432583,0.3313498284415411,13380363.150618182,8976758.830964569,0.0,0.0
Base Case,58783442.317070074,80726586.88463458,0,0.0,0.0,46488722.18438314,0.4051739107720943,0.4404768816835462,3341784.67376631,3743174.2864816003,0.0,0.0
Base Case,104755312.46040876,61536878.464097805,0,0.0,0.0,82009509.24075267,0.39784436517564237,0.37235793392541644,7751754.956432917,5645499.043773454,0.0,0.0
Base Case,79913842.46344866,44260913.45059453,0,0.0,0.0,63729913.21113897,0.40110771883902924,0.41270737498419324,5550611.444720583,4815673.119389368,0.0,0.0
Base Case,126402499.55843869,137234585.19138965,0,0.0,0.0,99795864.16712445,0.3969946299201165,0.38804875054092186,8632777.310686333,7212991.206110853,0.0,0.0
Base Case,122887826.35164098,64866603.004854605,0,0.0,0.0,97020521.1427955,0.3969974731689079,0.3515420642470885,9655433.981283525,6347835.40828387,0.0,0.0
Base Case,96211408.24350455,142385667.9377882,2,14900098.491889074,14900098.491889074,60420717.106904775,0.49708934175368796,0.5423544741300632,57963037.65932168,-11411265.475685239,2.0,1.0
Base Case,81848085.38613617,101645473.73615493,0,0.0,0.0,64729093.921529666,0.3987969238812539,0.3548384317719873,5786974.114036821,4244483.227362938,0.0,0.0
Base Case,161200849.13228303,195802270.18524748,1,10548433.389165007,10548433.389165007,116720861.43318135,0.42826691502780967,0.5229833611706292,42906946.80309396,-21623.21593659511,1.0,1.0
Base Case,106258710.51930566,113947342.40763745,0,0.0,0.0,83885686.86462256,0.3989498515386409,0.3855398103605651,7285613.484748298,6004084.1085593905,0.0,0.0
Base Case,150309336.3251262,152262782.2503628,0,0.0,0.0,118670403.62485135,0.39372089416035383,0.45019859427840603,9104380.916977314,9901253.95278715,0.0,0.0
Base Case,159380340.2382111,185676649.38943315,0,0.0,0.0,125831996.05757697,0.3932375805873174,0.375302511649943,11146746.418440219,8836255.333235908,0.0,0.0
Base Case,57628645.60581962,80719006.5843532,0,0.0,0.0,45575466.287425734,0.4041486702970141,0.36337691033955777,3911287.8843057044,3047228.882723703,0.0,0.0
Base Case,77356034.88196962,39416943.9743603,0,0.0,0.0,61176614.44839502,0.400556432496693,0.49518349577620263,4478122.790281349,5492817.730990581,0.0,0.0
Base Case,150323762.84467697,237567762.86125448,0,0.0,0.0,118681793.41745153,0.3937169439887697,0.2854185055708128,11722559.836535655,6436524.444785597,0.0,0.0
Base Case,155237506.83252594,153244199.04957846,0,0.0,0.0,122561213.17042598,0.39427316416382097,0.5200568483804127,7937800.737246329,11776996.43180161,0.0,0.0
Base Case,187732156.5177132,210588525.4657861,0,0.0,0.0,145471642.43833104,0.39193423296566404,0.3313561192408176,14088539.76113558,9105988.81175862,0.0,0.0
Base Case,177855782.0565709,310472953.16086406,0,0.0,0.0,138513083.26468524,0.39329433357973625,0.41949607654911286,10052428.80247505,10928111.48276816,0.0,0.0
Base Case,124046633.55119698,108250220.35970762,0,0.0,0.0,97935399.21000667,0.3966141834624743,0.40271322833865214,8465262.669841971,7312718.076221319,0.0,0.0
Base Case,81685681.31143641,74132416.1511953,0,0.0,0.0,64600658.78011948,0.3988797321599258,0.3893489228970829,5600406.021957291,4618166.032949472,0.0,0.0
Base Case,183110243.3325048,194223148.3448544,0,0.0,0.0,141890186.37015244,0.3929568383198788,0.31786930948251013,14199396.601439614,8539749.91450675,0.0,0.0
Base Case,176804219.3035354,188200143.99177626,0,0.0,0.0,137694135.71395725,0.3935380531235672,0.44156211708692256,10707156.034713354,11349782.896658089,0.0,0.0
Base Case,191745089.5744,119446719.06070448,0,0.0,0.0,149329950.19934982,0.391016861483393,0.4004033931603761,13493209.495665813,11156548.375308022,0.0,0.0
Base Case,148517682.41521353,191068575.8647709,0,0.0,0.0,117255885.98091283,0.39421406478626286,0.40318057192737067,9513981.693285761,8822813.115407895,0.0,0.0
Base Case,54309924.653494805,41698147.502174154,0,0.0,0.0,43741420.48508807,0.40326496958586044,0.4331171682867964,3512937.7249183836,3429519.624297507,0.0,0.0
Base Case,59447610.52850724,30108749.727007475,1,9019378.170261022,9019378.170261022,37994592.76981856,0.5007910609730156,0.38333576718638995,24054550.875784714,-3714987.3323249635,1.0,1.0
Base Case,106641422.2710265,213310529.9958901,0,0.0,0.0,84192935.7034648,0.3989090660617184,0.3913137952400487,6309706.588402669,6155026.907639315,0.0,0.0
Base Case,52846668.477554455,53784467.382211596,0,0.0,0.0,42215173.73394586,0.40286839679555564,0.43673107156138213,3247571.677422462,3336935.513493988,0.0,0.0
Base Case,98078738.50147797,59902735.459213786,0,0.0,0.0,76782676.55917686,0.39879706009893673,0.33659715270864665,7720133.578373923,4797836.295037828,0.0,0.0
Base Case,93525352.66507559,85254282.43798529,0,0.0,0.0,74584755.79188663,0.39780765940362905,0.32782515741678825,7352228.728394603,4539199.482175991,0.0,0.0
Base Case,97346887.18831912,100137187.63690454,0,0.0,0.0,76209738.34487669,0.399109204484193,0.41604014527629063,6203966.288864144,5848541.426231375,0.0,0.0
Base Case,152417301.8175134,262211060.94272587,0,0.0,0.0,120334650.47816277,0.393148348102092,0.4875385014440278,7472563.853103582,10894281.672949385,0.0,0.0
Base Case,87088663.51242432,71283425.49438201,0,0.0,0.0,69451655.46295439,0.3999937582696636,0.4367611836558477,5543387.494490015,5560248.308871242,0.0,0.0
Base Case,100570842.392154,115335253.49347667,0,0.0,0.0,78733648.74068682,0.39954226590801295,0.5043898721355797,5097876.605437774,7289970.243374354,0.0,0.0
Base Case,172438798.95634425,208964468.56252304,0,0.0,0.0,133621032.95127274,0.39348851808104957,0.4066486979042834,10933567.965307234,10177589.136410814,0.0,0.0
Base Case,163708169.97050244,183968557.73677978,0,0.0,0.0,129248834.25518745,0.39213782485781346,0.3700932880488336,11603746.41262646,8947057.679585602,0.0,0.0
Base Case,180759841.58031103,173537381.25205913,0,0.0,0.0,140068892.832015,0.39348721435773965,0.4277922666916216,11444508.15011087,11197147.826648386,0.0,0.0
Base Case,193109129.716382,296181712.95919067,2,213558925.62983638,68873105.62916845,81519146.68210599,0.7208410229055372,0.6451540242933117,355112658.1127385,-103320080.1063652,2.0,0.32250164878871335
Base Case,172763612.18371418,129472144.19888012,1,90814238.20487371,52667018.52253729,81205707.66865,0.6485630140363858,0.5137051488261055,164323730.89163798,-42054376.05391274,1.0,0.5799423038017713
Base Case,104468880.98867829,195500264.34426686,0,0.0,0.0,81785273.07012355,0.3979582536268389,0.4877159840238215,4762072.384138884,7368729.47353031,0.0,0.0
Base Case,73390228.5229928,79798146.21404779,0,0.0,0.0,58240406.54864612,0.4013741063215759,0.42548734972267604,4568262.410209852,4537001.43247648,0.0,0.0
Base Case,188685449.51409253,354505051.66186744,0,0.0,0.0,146210335.88622212,0.3917267586859221,0.5404937176182186,7342621.727109605,14743638.245485466,0.0,0.0
Base Case,185549085.51602143,358831020.2416395,0,0.0,0.0,143780011.16509646,0.3924137719120257,0.4967391897246416,8217148.818588073,13371391.223403284,0.0,0.0
Base Case,121723811.93696633,109343847.37409073,0,0.0,0.0,96099489.75583602,0.3967843216954807,0.4972001239895082,6614602.420725358,8789425.368882282,0.0,0.0
Base Case,103023973.49398263,138879148.62503964,0,0.0,0.0,80654110.62639345,0.3985380728140962,0.4669844508906138,5536547.431449023,6941469.918873964,0.0,0.0
Base Case,189981750.58812276,189629171.96536085,0,0.0,0.0,147954802.80503494,0.3913948265816845,0.5296825784039818,9295269.158923166,14529601.75395272,0.0,0.0
Base Case,85561295.34978144,57449152.169188865,0,0.0,0.0,68233617.14665113,0.39889404077567564,0.4386318389349919,5558976.717528559,5465258.177871199,0.0,0.0
Base Case,130731470.47148423,70400147.66639724,0,0.0,0.0,103210883.35646334,0.3960210337828226,0.34384815188511386,10382325.425475746,6618436.996890202,0.0,0.0
Base Case,74841662.37197277,84943249.42173707,0,0.0,0.0,59188155.7876358,0.40108173660548124,0.3548102957421112,5344668.998427786,3880111.7508887164,0.0,0.0
Base Case,138478603.90322304,133801052.97548123,1,25412893.62560051,25412893.62560051,83917101.3082034,0.5140931068557736,0.54075560995348,73997389.05963168,-13115194.713012794,1.0,1.0
Base Case,75778795.35677773,85575348.99043676,0,0.0,0.0,59929275.169314414,0.4014165971499423,0.3778911293335608,5169651.100506467,4175496.5791116282,0.0,0.0
Base Case,195670847.63305983,183253436.11683616,0,0.0,0.0,152387758.6880114,0.39129489534239986,0.36406784145319127,14227058.261615545,10427610.820092374,0.0,0.0
Base Case,109201426.1301894,75339594.66332889,0,0.0,0.0,85490200.44228202,0.3975363424895931,0.610695654739233,4383336.642683724,9497303.047350608,0.0,0.0
Base Case,155159728.8443903,153263394.4040339,0,0.0,0.0,122499807.15003377,0.3942938204875712,0.45387268808052533,9352892.404586026,10321542.247308461,0.0,0.0
Base Case,175904157.11606058,158536002.95074892,1,60251131.40830361,53787572.20734759,83205603.22458403,0.6464417073230886,0.4133435685811163,169514376.16004163,-44791452.45344317,1.0,0.8927230236200139
Base Case,146489219.18074593,111294457.72542039,0,0.0,0.0,115654406.46561132,0.39478120525089544,0.37224865228612847,10803383.549457397,8030145.583742056,0.0,0.0
Base Case,164961499.84250307,138164601.75742432,0,0.0,0.0,130238343.0033957,0.3918253031460952,0.33844467821441604,12837554.58319756,8258423.55294466,0.0,0.0
Base Case,97032512.2162675,124932896.94969764,0,0.0,0.0,75963626.28376624,0.3992420474516543,0.38271420421965846,6393844.79126914,5393540.8567531835,0.0,0.0
Base Case,136483429.31722072,131866401.44418742,0,0.0,0.0,107754796.93433338,0.39519516053500625,0.4372807663779888,8545750.165593,8726886.3284521,0.0,0.0
Base Case,133794630.26141699,120115162.29922421,0,0.0,0.0,105631440.78866085,0.3960143527395053,0.35370377651587515,10005860.996846173,6983050.699533228,0.0,0.0
Base Case,167062528.82407218,234859868.64882934,0,0.0,0.0,129455036.20537649,0.39479350662536616,0.32745529415864827,12196084.078344498,8032175.909541989,0.0,0.0
Base Case,165948266.24171808,145689071.08670494,0,0.0,0.0,131017398.86592181,0.3915817717101837,0.4267713292990495,10794241.66473806,10378763.299152184,0.0,0.0
Base Case,182964302.9488472,126510590.49970263,0,0.0,0.0,141777099.20219874,0.39298890482460963,0.45594634243126403,11250786.481501937,12028033.15365668,0.0,0.0
Base Case,185001655.17608577,213443324.2757677,0,0.0,0.0,143355815.02936155,0.3925349994183636,0.3947757025268438,12232953.348246016,10616884.582869135,0.0,0.0
Base Case,150305235.66889584,168012534.6061547,0,0.0,0.0,118667166.14100613,0.39372201705061727,0.340547254818101,11254750.081580378,7582240.946345044,0.0,0.0
Base Case,111835030.40899025,136038844.76054305,0,0.0,0.0,87551947.82940729,0.39773408676774535,0.4251963110369468,6810404.469628096,6891722.824776536,0.0,0.0
Base Case,87313386.40356527,113798729.6708741,0,0.0,0.0,69630866.40806568,0.4000388036126166,0.5013362040475646,4424552.520145364,6386171.1391379945,0.0,0.0
Base Case,77286053.99844971,108061870.68978573,0,0.0,0.0,61121270.98064334,0.4005943309086686,0.48479275889682877,3951418.962411819,5412881.364977142,0.0,0.0
Base Case,170895007.65045998,140314570.58868217,0,0.0,0.0,132424770.59867056,0.393858535645175,0.3797420524560458,12096545.681410814,9419569.469940346,0.0,0.0
Base Case,106448454.70113115,124771192.46441133,0,0.0,0.0,84040589.74757127,0.3989845983850784,0.5112571740729521,5289112.554344105,7897433.987601544,0.0,0.0
Base Case,181460525.33888203,168798120.65297848,0,0.0,0.0,140611842.90451732,0.3933281032546728,0.4560651284801446,10830404.906478945,11951862.511479773,0.0,0.0
Base Case,102449105.95049402,97962752.50679526,1,28759475.437238846,28759475.437238846,51444593.52371864,0.621699492224379,0.558755969061863,86459005.61397545,-20868313.236415178,1.0,1.0
Base Case,119455005.50139372,152672543.61591998,0,0.0,0.0,93517332.9342173,0.3964062767556018,0.3239445456606548,8893585.800128423,5682625.5126500605,0.0,0.0
Base Case,171320233.25499475,309840536.2818802,0,0.0,0.0,132754271.98925915,0.39375622730736537,0.36701787066863056,10932032.545504186,9204189.634518871,0.0,0.0
Base Case,156249852.645985,160988713.94774836,1,15779128.271217868,15779128.271217868,107581335.807535,0.45184484541081155,0.3917288771233407,62008731.401614815,-8847188.295954704,1.0,1.0
Base Case,179878352.18791026,146148564.2786014,1,70921030.78116567,54874181.01640634,84511657.97903894,0.6493090104801464,0.5605442466261683,170201014.72135296,-42901405.24476519,1.0,0.7737363714541378
Base Case,113031797.8647127,104499918.73320812,0,0.0,0.0,88488850.9908632,0.3972924853604246,0.46696708214263294,6554207.619020326,7602469.704559628,0.0,0.0
Base Case,162931385.87666914,171257034.21645653,1,21611603.764419433,21611603.764419433,107023956.4649203,0.47155755905209773,0.402936581279295,73294391.9880968,-12209177.731452662,1.0,1.0
Base Case,65655570.11074089,34266539.187556826,0,0.0,0.0,51923454.697103,0.4020228695379945,0.4107419114693357,4537843.05140373,3882251.67856087,0.0,0.0
Base Case,153673010.58347136,148800522.62189582,0,0.0,0.0,121325418.33324076,0.3928114265367993,0.36621715712498154,11178135.237051945,8294010.348768202,0.0,0.0
Base Case,53026133.32932787,39415279.6967578,0,0.0,0.0,42358532.47977719,0.40272565579093716,0.25102251822921545,4732148.63993175,1982321.4919212745,0.0,0.0
Base Case,137947893.34621698,74040904.50102416,0,0.0,0.0,108910996.91049364,0.3947546497300311,0.3738485242760334,10412102.233117342,7562631.785349881,0.0,0.0
Base Case,146351136.6718319,92116114.21319622,0,0.0,0.0,115545389.79442415,0.3948201267885652,0.3833828402984282,10738289.675873602,8244426.910460496,0.0,0.0
Base Case,57015146.759625115,80519998.62774439,0,0.0,0.0,45545005.802106425,0.40243044932101424,0.4949562685884591,2815809.320339972,4081506.036465888,0.0,0.0
Base Case,97421455.77904628,89890956.21875323,0,0.0,0.0,76268115.2234119,0.3990772593382415,0.3523919155722246,7168611.411507498,4990873.963544137,0.0,0.0
Base Case,51326629.55496647,60873232.406677894,2,1954316.1866148026,1954316.1866148026,39046631.63399094,0.4243241221738614,0.437026293001718,10483898.503471645,668798.8274779258,2.0,1.0
Base Case,152975789.74020588,212836728.9580914,1,4211783.621070233,4211783.621070233,116563178.9868778,0.4071984283815692,0.44955520826773093,25044914.003674332,4436956.309249431,1.0,1.0
Base Case,81879996.05729379,103232890.84005074,0,0.0,0.0,64754330.05904776,0.398780674268474,0.41378502854164895,5105219.412291331,4917545.568795767,0.0,0.0
Base Case,189173447.88709584,163530110.5073115,0,0.0,0.0,147325311.95750153,0.3915693197596702,0.4037032608201566,12772952.945059296,11119531.524613073,0.0,0.0
Base Case,54336711.59074656,87807403.78302795,1,22747607.081410646,17647173.0175562,26115821.474379245,0.6757272802951592,0.5806738173901207,54102714.338932544,-13909771.178730592,1.0,0.7757815120684707
Base Case,170803766.7752595,185221678.04932985,0,0.0,0.0,132354069.31695923,0.3938805246352452,0.32481589299448627,12967709.416394262,8126333.77169374,0.0,0.0
Base Case,51133062.016336225,64103163.90363649,0,0.0,0.0,40846323.67388576,0.4042582820910959,0.46718349465706904,2806061.8100036317,3453523.774439267,0.0,0.0
Base Case,179912512.76993966,353370718.29984057,0,0.0,0.0,139412309.55404282,0.39367766563577206,0.32593194736330616,12110571.878097303,8661477.576151045,0.0,0.0
Base Case,148070390.86096913,127694178.1073721,0,0.0,0.0,116902747.5807102,0.3943383852275416,0.4051708218282552,10096083.135423874,8807512.654455047,0.0,0.0
Base Case,128508924.46728234,85830891.62512684,0,0.0,0.0,101457489.26292336,0.39631015312629597,0.5534886405342744,6281923.801677331,10289093.369540945,0.0,0.0
Base Case,177837960.9011645,225846586.39234373,0,0.0,0.0,138499204.31021577,0.39329845348633424,0.43878186913538136,10524158.726018753,11361426.593090387,0.0,0.0
Base Case,133217604.89904954,128140250.83083194,0,0.0,0.0,105175879.37304588,0.3961848328835429,0.5494062624887613,6275154.797205129,10622959.542880066,0.0,0.0
Base Case,103078332.33153999,99586153.78368747,0,0.0,0.0,80696666.06731643,0.3985160972559934,0.4137041484451414,6663498.654067258,6164531.410644974,0.0,0.0
Base Case,119793372.42856812,124863471.21025988,0,0.0,0.0,93782227.37322128,0.3962890802661816,0.38281606837058313,8245476.058429137,6667072.592574116,0.0,0.0
Base Case,196699065.33550093,85128916.1085563,2,283730228.74808824,119821721.57248755,33366806.188678734,1.7955227853534081,1.0,357184460.5362271,-104431719.9823241,2.0,0.4223086207669189
Base Case,140842740.51597694,167992467.25414884,0,0.0,0.0,111195922.51577953,0.39559527511029025,0.2579527765189565,12100264.44062331,5470352.451688178,0.0,0.0
Base Case,103942794.82502536,122974437.60286523,0,0.0,0.0,81373420.46871145,0.3981683327885136,0.3116239379315815,7953666.798648392,4753976.512280933,0.0,0.0
Base Case,117888874.25838907,95675113.35551113,0,0.0,0.0,92291269.08546387,0.3969530379887374,0.30763093052997076,9580685.523563337,5322924.108386213,0.0,0.0
Base Case,188643542.9599816,110659009.23862916,0,0.0,0.0,146177863.08188704,0.39173585485951595,0.34648584079363137,14699136.178223023,9508709.8077423,0.0,0.0
Base Case,61149630.17096629,57825432.89489099,0,0.0,0.0,48359990.94521966,0.40352583973099193,0.49084691553768584,3308231.3441479243,4301046.806703322,0.0,0.0
Base Case,93209479.88328822,88657752.6599862,0,0.0,0.0,74332855.06441003,0.39794786676656096,0.431912413094103,5912249.0238864245,5888769.673895912,0.0,0.0
Base Case,64014386.97946029,91035753.08718829,0,0.0,0.0,50625546.45227776,0.40308706963214735,0.3917725342326528,4045566.858235621,3646137.2875282303,0.0,0.0
Base Case,187762961.3624192,99662735.68602507,0,0.0,0.0,145495512.68287706,0.3919275104348735,0.4332655290936575,12437411.197810063,11727917.193789165,0.0,0.0
Base Case,81358049.53612891,144322137.0491913,0,0.0,0.0,64881632.615946285,0.4004126478782545,0.37647363005165696,5119211.585462378,4531200.406826799,0.0,0.0
Base Case,193071608.68379733,247388399.937879,0,0.0,0.0,150363031.27083027,0.39073514680694654,0.35270733150736566,13746056.020274268,9991363.719588198,0.0,0.0
